Timestamp,Evaluation timestamp,Software version,Set,Group,Element,DarkValue,RefLightValue,HeatingProfileName,MeasuredDose [µSv]:,MeasuredCounts,Curve type,Curve unit,0,0.1,0.2,0.3,0.4,0.5,0.6,0.7,0.8,0.9,1,1.1,1.2,1.3,1.4,1.5,1.6,1.7,1.8,1.9,2,2.1,2.2,2.3,2.4,2.5,2.6,2.7,2.8,2.9,3,3.1,3.2,3.3,3.4,3.5,3.6,3.7,3.8,3.9,4,4.1,4.2,4.3,4.4,4.5,4.6,4.7,4.8,4.9,5,5.1,5.2,5.3,5.4,5.5,5.6,5.7,5.8,5.9,6,6.1,6.2,6.3,6.4,6.5,6.6,6.7,6.8,6.9,7,7.1,7.2,7.3,7.4,7.5,7.6,7.7,7.8,7.9,8,8.1,8.2,8.3,8.4,8.5,8.6,8.7,8.8,8.9,9,9.1,9.2,9.3,9.4,9.5,9.6,9.7,9.8,9.9,10,10.1,10.2,10.3,10.4,10.5,10.6,10.7,10.8,10.9,11,11.1,11.2,11.3,11.4,11.5,11.6,11.7,11.8,11.9,12,12.1,12.2,12.3,12.4,12.5,12.6,12.7,12.8,12.9,13,13.1,13.2,13.3,13.4,13.5,13.6,13.7,13.8,13.9,14,14.1,14.2,14.3,14.4,14.5,14.6,14.7,14.8,14.9,15,15.1,15.2,15.3,15.4,15.5,15.6,15.7,15.8,15.9,16,16.1,16.2,16.3,16.4,16.5,16.6,16.7,16.8,16.9,17,17.1,17.2,17.3,17.4,17.5,17.6,17.7,17.8,17.9,18,18.1,18.2,18.3,18.4,18.5,18.6,18.7,18.8,18.9,19,19.1,19.2,19.3,19.4,19.5,19.6,19.7,19.8,19.9,20,20.1,20.2,20.3,20.4,20.5,20.6,20.7,20.8,20.9,21,21.1,21.2,21.3,21.4,21.5,21.6,21.7,21.8,21.9,22,22.1,22.2,22.3,22.4,22.5,22.6,22.7,22.8,22.9,23,23.1,23.2,23.3,23.4,23.5,23.6,23.7,23.8,23.9,24,24.1,24.2,24.3,24.4,24.5,24.6,24.7,24.8,24.9,25,25.1,25.2,25.3,25.4,25.5,25.6,25.7,25.8,25.9,26,26.1,26.2,26.3,26.4,26.5,26.6,26.7,26.8,26.9,27,27.1,27.2,27.3,27.4,27.5,27.6,27.7,27.8,27.9,28,28.1,28.2,28.3,28.4,28.5,28.6,28.7,28.8,28.9,29,29.1,29.2,29.3,29.4,29.5,29.6,29.7,29.8,29.9,30,30.1,30.2,30.3,30.4,30.5,30.6,30.7,30.8,30.9,31,31.1,31.2,31.3,31.4,,,,,
12.03.2025 08:57:57,12.03.2025 08:59:13,Undefined,Tc99m (Retake) - S_Grima,Tc99m (Retake) - S_GrimaD,a4,11,487,MCP (Study),192.834,271419,Counts measured,,22,22,22,22,23,23,23,22,20,19,20,21,22,22,20,19,19,21,25,28,28,25,23,23,24,24,23,20,19,18,20,21,21,21,22,26,30,32,32,31,31,30,28,25,23,22,20,20,22,24,23,22,22,23,22,21,21,21,21,21,21,18,17,17,19,20,21,21,21,21,23,25,25,23,22,24,28,30,28,27,27,25,22,20,19,18,18,20,23,24,23,22,24,27,30,32,32,31,30,29,29,30,31,28,24,20,19,20,21,22,25,29,28,24,23,27,33,36,39,45,52,58,62,65,66,67,68,67,65,68,75,84,94,105,118,128,139,154,164,165,165,176,193,207,215,227,248,279,311,337,362,392,427,467,512,561,610,652,693,737,778,814,861,935,1030,1115,1176,1223,1278,1364,1469,1562,1631,1690,1765,1850,1931,2031,2168,2296,2367,2387,2383,2390,2428,2479,2514,2551,2622,2720,2809,2869,2901,2911,2932,3015,3176,3347,3475,3609,3814,4072,4314,4520,4733,5016,5368,5698,5954,6184,6440,6715,6974,7158,7198,7077,6849,6574,6257,5878,5474,5102,4734,4320,3863,3407,2992,2627,2311,2039,1799,1580,1380,1205,1048,902,773,665,573,496,435,386,346,306,269,245,234,221,206,194,187,184,177,163,146,133,130,133,140,144,144,140,134,123,110,106,113,125,135,136,130,121,115,109,104,103,105,103,96,90,90,92,95,98,97,94,93,97,100,101,101,101,102,103,99,93,89,91,96,99,99,97,94,92,90,91,91,90,90,90,87,80,71,65,64,64,64,64,64,64
12.03.2025 08:57:57,12.03.2025 08:59:13,Undefined,Tc99m (Retake) - S_Grima,Tc99m (Retake) - S_GrimaD,a4,11,487,MCP (Study),192.834,271419,Temperature measured,°C,19.2,19.2,19.2,19.2,19.4,19.8,20.5,21.5,22.8,24.3,26,27.8,29.6,31.5,33.2,34.9,36.4,37.8,39,40.1,41.1,42,42.8,43.6,44.3,44.9,45.6,46.3,47,47.7,48.5,49.4,50.3,51.3,52.4,53.5,54.7,55.9,57.1,58.3,59.5,60.8,61.9,63.1,64.2,65.3,66.4,67.4,68.4,69.4,70.3,71.3,72.2,73.1,74.1,75,76,77,78,79,80,81.1,82.1,83.2,84.3,85.4,86.4,87.5,88.6,89.7,90.7,91.8,92.8,93.9,94.9,95.9,96.9,97.9,98.9,99.9,100.9,101.9,102.9,103.9,104.9,106,107,108,109,110.1,111.1,112.2,113.2,114.2,115.3,116.3,117.4,118.4,119.4,120.4,121.5,122.5,123.5,124.5,125.5,126.5,127.6,128.6,129.6,130.6,131.6,132.6,133.7,134.7,135.7,136.7,137.8,138.8,139.8,140.8,141.9,142.9,143.9,144.9,146,147,148,149,150,151,152.1,153.1,154.1,155.1,156.1,157.1,158.2,159.2,160.2,161.2,162.2,163.2,164.3,165.3,166.3,167.3,168.3,169.4,170.4,171.4,172.4,173.4,174.4,175.5,176.5,177.5,178.5,179.5,180.5,181.6,182.6,183.6,184.6,185.6,186.6,187.6,188.6,189.7,190.7,191.7,192.7,193.7,194.7,195.7,196.8,197.8,198.8,199.8,200.8,201.8,202.9,203.9,204.9,205.9,206.9,207.9,208.9,209.9,210.9,211.9,213,214,215,216,217,218,219,220,221,222.1,223.1,224.1,225.1,226.1,227.1,228.1,229.1,230.2,231.2,232.2,233.2,234.2,235.2,236.2,237.1,238,238.9,239.7,240.4,241.1,241.6,242.1,242.5,242.8,243.1,243.2,243.3,243.3,243.3,243.2,243,242.8,242.6,242.4,242.1,241.8,241.6,241.3,241.1,240.9,240.7,240.5,240.4,240.3,240.2,240.2,240.2,240.3,240.3,240.4,240.5,240.6,240.8,240.9,241,241.1,241.2,241.2,241.3,241.3,241.3,241.4,241.3,241.3,241.3,241.2,241.2,241.1,241.1,241,240.9,240.9,240.8,240.8,240.7,240.7,240.7,240.7,240.6,240.6,240.6,240.6,240.7,240.7,240.7,240.7,240.7,240.8,240.8,240.8,240.8,240.8,240.8,240.8,240.8,240.8,240.8,240.8,240.8,240.8,240.8,240.7,240.7,240.7,240.7,240.7,240.7,240.7,240.6,240.6,240.6,240.6,240.6,240.6,240.6,,,,,
12.03.2025 08:57:57,12.03.2025 08:59:13,Undefined,Tc99m (Retake) - S_Grima,Tc99m (Retake) - S_GrimaD,a4,11,487,MCP (Study),192.834,271419,Temperature setpoint,°C,25.1,25.6,26.6,27.6,28.6,29.6,30.6,31.6,32.6,33.6,34.6,35.6,36.6,37.6,38.6,39.6,40.6,41.6,42.6,43.6,44.6,45.6,46.6,47.6,48.6,49.6,50.6,51.6,52.6,53.6,54.6,55.6,56.6,57.6,58.6,59.6,60.6,61.6,62.6,63.6,64.6,65.6,66.6,67.6,68.6,69.6,70.6,71.6,72.6,73.6,74.6,75.6,76.6,77.6,78.6,79.6,80.6,81.6,82.6,83.6,84.6,85.6,86.6,87.6,88.6,89.6,90.6,91.6,92.6,93.6,94.6,95.6,96.6,97.6,98.6,99.6,100.6,101.6,102.6,103.6,104.6,105.6,106.6,107.6,108.6,109.6,110.6,111.6,112.6,113.6,114.6,115.6,116.6,117.6,118.6,119.6,120.6,121.6,122.6,123.6,124.6,125.6,126.6,127.6,128.6,129.6,130.6,131.6,132.6,133.6,134.6,135.6,136.6,137.6,138.6,139.6,140.6,141.6,142.6,143.6,144.6,145.6,146.6,147.6,148.6,149.6,150.6,151.6,152.6,153.6,154.6,155.6,156.6,157.6,158.6,159.6,160.6,161.6,162.6,163.6,164.6,165.6,166.6,167.6,168.6,169.6,170.6,171.6,172.6,173.6,174.6,175.6,176.6,177.6,178.6,179.6,180.6,181.6,182.6,183.6,184.6,185.6,186.6,187.6,188.6,189.6,190.6,191.6,192.6,193.6,194.6,195.6,196.6,197.6,198.6,199.6,200.6,201.6,202.6,203.6,204.6,205.6,206.6,207.6,208.6,209.6,210.6,211.6,212.6,213.6,214.6,215.6,216.6,217.6,218.6,219.6,220.6,221.6,222.6,223.6,224.6,225.6,226.6,227.6,228.6,229.6,230.6,231.6,232.6,233.6,234.6,235.6,236.6,237.6,238.6,239.5,240,240,240,240,240,240,240,240,240,240,240,240,240,240,240,240,240,240,240,240,240,240,240,240,240,240,240,240,240,240,240,240,240,240,240,240,240,240,240,240,240,240,240,240,240,240,240,240,240,240,240,240,240,240,240,240,240,240,240,240,240,240,240,240,240,240,240,240,240,240,240,240,240,240,240,240,240,240,240,240,240,240,240,240,240,240,240,240,240,240,240,240,240,240,240,240,240,240,240,,,,,
12.03.2025 09:01:22,12.03.2025 09:02:38,Undefined,Tc99m (Retake) - S_Grima,Tc99m (Retake) - S_GrimaD,a5,,,MCP (Study),199.649,242084,Counts measured,,21,21,21,22,25,27,30,33,36,37,35,32,29,28,28,29,30,29,27,27,28,30,32,33,33,31,29,29,32,38,42,41,37,34,31,27,25,22,21,21,23,24,25,26,27,27,28,29,29,30,30,31,32,32,31,30,30,30,31,33,34,33,33,35,35,34,33,31,29,28,30,32,33,31,28,26,27,28,30,31,33,33,32,31,30,29,29,30,31,30,29,30,32,33,31,28,26,28,31,34,34,34,35,37,39,41,42,40,38,40,45,48,47,43,40,42,47,50,51,51,51,54,59,65,68,63,56,54,60,69,75,81,86,92,97,98,104,119,134,142,144,151,168,191,209,222,237,253,267,279,296,322,352,376,399,436,488,540,586,632,680,720,748,780,837,913,983,1028,1063,1133,1253,1388,1490,1543,1584,1651,1732,1787,1818,1854,1913,1978,2038,2105,2182,2261,2327,2377,2410,2444,2504,2568,2597,2580,2567,2614,2715,2833,2953,3087,3245,3429,3615,3797,4020,4285,4529,4756,5034,5361,5680,5948,6132,6219,6234,6201,6124,5982,5761,5472,5123,4732,4330,3918,3487,3064,2692,2371,2087,1840,1628,1433,1255,1096,952,828,731,648,566,494,440,395,352,320,303,286,258,235,226,217,200,186,184,183,173,162,161,163,161,154,146,140,139,144,149,146,138,131,131,129,120,113,116,126,133,135,134,133,127,123,124,124,117,107,98,92,91,92,93,94,90,86,90,104,119,121,112,103,100,101,104,104,97,91,92,97,107,119,115,95,78,75,83,90,93,92,93,93,92,93
12.03.2025 09:01:22,12.03.2025 09:02:38,Undefined,Tc99m (Retake) - S_Grima,Tc99m (Retake) - S_GrimaD,a5,,,MCP (Study),199.649,242084,Temperature measured,°C,22.4,22.4,22.4,22.4,22.5,22.6,22.9,23.4,24,24.8,25.7,26.9,28.2,29.6,31.1,32.7,34.2,35.8,37.3,38.7,40,41.3,42.4,43.5,44.5,45.4,46.2,47.1,47.9,48.6,49.4,50.2,51.1,51.9,52.8,53.7,54.7,55.8,56.8,57.9,59.1,60.2,61.4,62.6,63.7,64.9,66,67.1,68.2,69.3,70.3,71.4,72.4,73.3,74.3,75.3,76.3,77.2,78.2,79.2,80.1,81.1,82.1,83.2,84.2,85.2,86.3,87.3,88.4,89.5,90.5,91.6,92.7,93.7,94.8,95.8,96.9,97.9,98.9,99.9,101,102,103,104,105,106,107,108,109,110,111.1,112.1,113.1,114.2,115.2,116.2,117.3,118.3,119.3,120.4,121.4,122.4,123.5,124.5,125.5,126.5,127.6,128.6,129.6,130.6,131.6,132.6,133.7,134.7,135.7,136.7,137.7,138.7,139.8,140.8,141.8,142.8,143.9,144.9,145.9,146.9,148,149,150,151,152,153.1,154.1,155.1,156.1,157.1,158.2,159.2,160.2,161.2,162.2,163.2,164.2,165.3,166.3,167.3,168.3,169.3,170.3,171.4,172.4,173.4,174.4,175.4,176.4,177.5,178.5,179.5,180.5,181.5,182.5,183.6,184.6,185.6,186.6,187.6,188.6,189.6,190.7,191.7,192.7,193.7,194.7,195.7,196.7,197.8,198.8,199.8,200.8,201.8,202.8,203.8,204.8,205.9,206.9,207.9,208.9,209.9,210.9,211.9,212.9,213.9,215,216,217,218,219,220,221,222,223.1,224.1,225.1,226.1,227.1,228.1,229.1,230.1,231.1,232.1,233.2,234.2,235.2,236.1,237.1,238,238.9,239.7,240.4,241,241.6,242.1,242.5,242.9,243.1,243.3,243.4,243.4,243.3,243.2,243.1,242.9,242.7,242.4,242.2,241.9,241.6,241.4,241.1,240.9,240.7,240.5,240.4,240.3,240.2,240.2,240.2,240.2,240.3,240.4,240.5,240.6,240.7,240.8,240.9,241,241.1,241.2,241.3,241.3,241.3,241.3,241.3,241.3,241.3,241.2,241.2,241.1,241.1,241,240.9,240.9,240.8,240.8,240.7,240.7,240.7,240.6,240.6,240.6,240.6,240.6,240.6,240.7,240.7,240.7,240.7,240.7,240.8,240.8,240.8,240.8,240.8,240.8,240.8,240.8,240.8,240.8,240.8,240.8,240.8,240.7,240.7,240.7,240.7,240.7,240.7,240.7,240.6,240.6,240.6,240.6,240.6,240.6,240.6,,,,,
12.03.2025 09:01:22,12.03.2025 09:02:38,Undefined,Tc99m (Retake) - S_Grima,Tc99m (Retake) - S_GrimaD,a5,,,MCP (Study),199.649,242084,Temperature setpoint,°C,25.1,25.6,26.6,27.6,28.6,29.6,30.6,31.6,32.6,33.6,34.6,35.6,36.6,37.6,38.6,39.6,40.6,41.6,42.6,43.6,44.6,45.6,46.6,47.6,48.6,49.6,50.6,51.6,52.6,53.6,54.6,55.6,56.6,57.6,58.6,59.6,60.6,61.6,62.6,63.6,64.6,65.6,66.6,67.6,68.6,69.6,70.6,71.6,72.6,73.6,74.6,75.6,76.6,77.6,78.6,79.6,80.6,81.6,82.6,83.6,84.6,85.6,86.6,87.6,88.6,89.6,90.6,91.6,92.6,93.6,94.6,95.6,96.6,97.6,98.6,99.6,100.6,101.6,102.6,103.6,104.6,105.6,106.6,107.6,108.6,109.6,110.6,111.6,112.6,113.6,114.6,115.6,116.6,117.6,118.6,119.6,120.6,121.6,122.6,123.6,124.6,125.6,126.6,127.6,128.6,129.6,130.6,131.6,132.6,133.6,134.6,135.6,136.6,137.6,138.6,139.6,140.6,141.6,142.6,143.6,144.6,145.6,146.6,147.6,148.6,149.6,150.6,151.6,152.6,153.6,154.6,155.6,156.6,157.6,158.6,159.6,160.6,161.6,162.6,163.6,164.6,165.6,166.6,167.6,168.6,169.6,170.6,171.6,172.6,173.6,174.6,175.6,176.6,177.6,178.6,179.6,180.6,181.6,182.6,183.6,184.6,185.6,186.6,187.6,188.6,189.6,190.6,191.6,192.6,193.6,194.6,195.6,196.6,197.6,198.6,199.6,200.6,201.6,202.6,203.6,204.6,205.6,206.6,207.6,208.6,209.6,210.6,211.6,212.6,213.6,214.6,215.6,216.6,217.6,218.6,219.6,220.6,221.6,222.6,223.6,224.6,225.6,226.6,227.6,228.6,229.6,230.6,231.6,232.6,233.6,234.6,235.6,236.6,237.6,238.6,239.5,240,240,240,240,240,240,240,240,240,240,240,240,240,240,240,240,240,240,240,240,240,240,240,240,240,240,240,240,240,240,240,240,240,240,240,240,240,240,240,240,240,240,240,240,240,240,240,240,240,240,240,240,240,240,240,240,240,240,240,240,240,240,240,240,240,240,240,240,240,240,240,240,240,240,240,240,240,240,240,240,240,240,240,240,240,240,240,240,240,240,240,240,240,240,240,240,240,240,240,,,,,
12.03.2025 09:03:19,12.03.2025 09:04:36,Undefined,Tc99m (Retake) - S_Grima,Tc99m (Retake) - S_GrimaD,a6,,,MCP (Study),198.924,297881,Counts measured,,19,19,19,19,18,17,16,14,14,16,18,18,17,16,16,18,21,24,26,26,25,25,26,28,30,31,30,29,28,26,27,35,46,48,41,32,29,29,29,30,31,31,32,33,33,34,33,31,29,29,29,30,31,33,35,36,36,33,32,34,36,37,37,36,35,35,35,36,35,34,35,37,38,38,37,36,34,34,36,37,37,35,36,38,40,39,37,36,35,35,34,34,34,36,37,37,38,40,41,41,44,47,50,51,52,54,56,56,57,60,62,59,54,52,55,58,60,64,68,68,65,65,72,81,90,101,113,115,109,100,95,99,111,124,129,131,138,155,178,204,227,247,268,291,310,325,344,375,412,442,455,465,499,565,637,687,713,743,800,872,940,995,1058,1154,1269,1372,1455,1532,1616,1713,1809,1876,1909,1948,2047,2195,2324,2394,2446,2523,2624,2695,2710,2726,2795,2875,2905,2907,2934,2974,2988,3000,3061,3180,3329,3466,3560,3640,3752,3914,4133,4408,4701,4977,5283,5660,6065,6403,6642,6816,6974,7165,7355,7440,7390,7263,7081,6834,6539,6195,5778,5318,4870,4430,3969,3488,3030,2623,2267,1950,1674,1447,1260,1104,964,839,729,643,580,526,477,437,404,366,322,279,248,230,224,225,223,213,202,196,197,202,207,207,201,192,181,170,164,168,172,173,174,175,170,155,138,133,139,144,141,140,143,146,147,146,145,141,135,124,110,100,101,110,119,120,113,105,101,101,103,102,102,108,117,115,104,96,98,105,112,117,118,114,111,110,109,107,103,99,97,97,97,97,97,97
12.03.2025 09:03:19,12.03.2025 09:04:36,Undefined,Tc99m (Retake) - S_Grima,Tc99m (Retake) - S_GrimaD,a6,,,MCP (Study),198.924,297881,Temperature measured,°C,31.9,32,32,32,32,32,32,32,32,32,32,32,32,32,32.2,32.4,32.7,33.1,33.8,34.6,35.6,36.7,38,39.4,40.9,42.5,44.1,45.6,47.1,48.5,49.9,51.1,52.3,53.3,54.3,55.2,56.1,56.9,57.7,58.5,59.3,60.1,60.9,61.8,62.7,63.6,64.6,65.6,66.7,67.8,68.9,70.1,71.2,72.4,73.6,74.7,75.9,77,78.1,79.2,80.2,81.3,82.3,83.3,84.3,85.2,86.2,87.1,88.1,89.1,90.1,91.1,92.1,93.1,94.1,95.1,96.2,97.3,98.3,99.4,100.5,101.5,102.6,103.7,104.7,105.8,106.8,107.9,108.9,109.9,110.9,111.9,112.9,113.9,114.9,116,117,118,119,120,121,122,123.1,124.1,125.1,126.2,127.2,128.3,129.3,130.3,131.4,132.4,133.4,134.5,135.5,136.5,137.5,138.6,139.6,140.6,141.6,142.6,143.6,144.6,145.7,146.7,147.7,148.7,149.7,150.8,151.8,152.8,153.8,154.9,155.9,156.9,157.9,159,160,161,162,163.1,164.1,165.1,166.1,167.1,168.1,169.2,170.2,171.2,172.2,173.2,174.2,175.2,176.3,177.3,178.3,179.3,180.3,181.4,182.4,183.4,184.4,185.4,186.5,187.5,188.5,189.5,190.5,191.5,192.5,193.6,194.6,195.6,196.6,197.6,198.6,199.6,200.7,201.7,202.7,203.7,204.7,205.7,206.8,207.8,208.8,209.8,210.8,211.8,212.8,213.9,214.9,215.9,216.9,217.9,218.9,219.9,220.9,221.9,223,224,225,226,227,228,229,230,231,232.1,233.1,234.1,235.1,236.1,237,237.9,238.8,239.6,240.3,241,241.5,242,242.4,242.8,243,243.2,243.3,243.3,243.2,243.1,243,242.8,242.6,242.3,242.1,241.8,241.5,241.3,241,240.8,240.6,240.5,240.3,240.2,240.2,240.1,240.1,240.2,240.2,240.3,240.4,240.5,240.6,240.7,240.9,241,241,241.1,241.2,241.2,241.3,241.3,241.3,241.2,241.2,241.2,241.1,241.1,241,241,240.9,240.8,240.8,240.7,240.7,240.7,240.6,240.6,240.6,240.6,240.6,240.6,240.6,240.6,240.6,240.6,240.7,240.7,240.7,240.7,240.7,240.7,240.8,240.8,240.8,240.8,240.8,240.7,240.7,240.7,240.7,240.7,240.7,240.7,240.7,240.6,240.6,240.6,240.6,240.6,240.6,240.6,240.6,240.6,240.6,,,,,
12.03.2025 09:03:19,12.03.2025 09:04:36,Undefined,Tc99m (Retake) - S_Grima,Tc99m (Retake) - S_GrimaD,a6,,,MCP (Study),198.924,297881,Temperature setpoint,°C,25.1,25.6,26.6,27.6,28.6,29.6,30.6,31.6,32.6,33.6,34.6,35.6,36.6,37.6,38.6,39.6,40.6,41.6,42.6,43.6,44.6,45.6,46.6,47.6,48.6,49.6,50.6,51.6,52.6,53.6,54.6,55.6,56.6,57.6,58.6,59.6,60.6,61.6,62.6,63.6,64.6,65.6,66.6,67.6,68.6,69.6,70.6,71.6,72.6,73.6,74.6,75.6,76.6,77.6,78.6,79.6,80.6,81.6,82.6,83.6,84.6,85.6,86.6,87.6,88.6,89.6,90.6,91.6,92.6,93.6,94.6,95.6,96.6,97.6,98.6,99.6,100.6,101.6,102.6,103.6,104.6,105.6,106.6,107.6,108.6,109.6,110.6,111.6,112.6,113.6,114.6,115.6,116.6,117.6,118.6,119.6,120.6,121.6,122.6,123.6,124.6,125.6,126.6,127.6,128.6,129.6,130.6,131.6,132.6,133.6,134.6,135.6,136.6,137.6,138.6,139.6,140.6,141.6,142.6,143.6,144.6,145.6,146.6,147.6,148.6,149.6,150.6,151.6,152.6,153.6,154.6,155.6,156.6,157.6,158.6,159.6,160.6,161.6,162.6,163.6,164.6,165.6,166.6,167.6,168.6,169.6,170.6,171.6,172.6,173.6,174.6,175.6,176.6,177.6,178.6,179.6,180.6,181.6,182.6,183.6,184.6,185.6,186.6,187.6,188.6,189.6,190.6,191.6,192.6,193.6,194.6,195.6,196.6,197.6,198.6,199.6,200.6,201.6,202.6,203.6,204.6,205.6,206.6,207.6,208.6,209.6,210.6,211.6,212.6,213.6,214.6,215.6,216.6,217.6,218.6,219.6,220.6,221.6,222.6,223.6,224.6,225.6,226.6,227.6,228.6,229.6,230.6,231.6,232.6,233.6,234.6,235.6,236.6,237.6,238.6,239.5,240,240,240,240,240,240,240,240,240,240,240,240,240,240,240,240,240,240,240,240,240,240,240,240,240,240,240,240,240,240,240,240,240,240,240,240,240,240,240,240,240,240,240,240,240,240,240,240,240,240,240,240,240,240,240,240,240,240,240,240,240,240,240,240,240,240,240,240,240,240,240,240,240,240,240,240,240,240,240,240,240,240,240,240,240,240,240,240,240,240,240,240,240,240,240,240,240,240,240,,,,,
12.03.2025 09:09:03,12.03.2025 09:10:19,Undefined,Tc99m (Retake) - S_Grima,Tc99m (Retake) - S_GrimaD,b4,,,MCP (Study),188.34,251041,Counts measured,,34,34,34,34,34,32,31,33,37,40,45,50,51,47,42,40,40,39,39,40,41,43,43,40,37,38,43,46,46,45,47,51,52,50,47,46,46,46,44,42,40,37,36,35,35,34,33,34,38,42,42,39,36,35,36,36,37,38,38,38,39,39,38,37,37,38,39,40,42,44,44,41,39,38,37,37,36,34,32,29,27,26,24,25,27,29,29,27,26,27,31,35,36,36,35,36,37,40,42,41,38,36,37,40,41,42,45,47,47,44,41,41,45,47,44,42,44,46,47,52,57,59,57,56,59,62,64,68,73,74,75,78,83,88,93,98,105,117,131,147,158,163,171,190,213,231,249,274,306,335,360,382,400,420,454,496,534,569,608,651,696,746,799,848,899,965,1045,1128,1220,1337,1470,1582,1651,1692,1727,1779,1866,1974,2058,2106,2150,2206,2244,2258,2279,2320,2361,2413,2491,2573,2626,2644,2647,2680,2770,2879,2968,3045,3137,3264,3435,3634,3826,4010,4223,4481,4788,5105,5358,5526,5672,5828,5965,6083,6181,6210,6114,5894,5603,5297,4982,4642,4296,3961,3584,3148,2723,2369,2070,1791,1541,1352,1230,1123,986,836,708,615,550,508,477,440,395,351,314,280,251,236,232,223,209,203,207,206,200,197,194,180,166,168,178,183,178,169,161,154,145,135,131,136,142,145,144,135,125,122,128,134,140,141,135,121,112,107,105,103,106,114,122,124,124,125,126,121,115,111,105,97,97,104,109,111,113,112,107,101,96,96,97,95,89,81,76,73,73,73,73,73,73,73
12.03.2025 09:09:03,12.03.2025 09:10:19,Undefined,Tc99m (Retake) - S_Grima,Tc99m (Retake) - S_GrimaD,b4,,,MCP (Study),188.34,251041,Temperature measured,°C,23.2,23.2,23.2,23.2,23.3,23.4,23.6,23.9,24.4,25,25.8,26.8,28,29.3,30.7,32.2,33.8,35.3,36.9,38.3,39.7,41,42.3,43.4,44.5,45.4,46.3,47.2,48,48.8,49.6,50.4,51.2,52,52.9,53.8,54.8,55.7,56.8,57.9,59,60.1,61.2,62.4,63.6,64.7,65.9,67,68.1,69.2,70.3,71.3,72.4,73.4,74.3,75.3,76.3,77.3,78.2,79.2,80.2,81.1,82.1,83.1,84.2,85.2,86.2,87.3,88.4,89.4,90.5,91.5,92.6,93.7,94.7,95.8,96.8,97.9,98.9,99.9,100.9,102,103,104,105,106,107,108,109,110,111.1,112.1,113.1,114.1,115.2,116.2,117.2,118.3,119.3,120.3,121.4,122.4,123.4,124.5,125.5,126.5,127.5,128.6,129.6,130.6,131.6,132.6,133.6,134.7,135.7,136.7,137.7,138.7,139.7,140.8,141.8,142.8,143.8,144.9,145.9,146.9,147.9,149,150,151,152,153,154.1,155.1,156.1,157.1,158.1,159.1,160.2,161.2,162.2,163.2,164.2,165.2,166.3,167.3,168.3,169.3,170.3,171.3,172.4,173.4,174.4,175.4,176.4,177.4,178.5,179.5,180.5,181.5,182.5,183.5,184.6,185.6,186.6,187.6,188.6,189.6,190.6,191.6,192.7,193.7,194.7,195.7,196.7,197.7,198.7,199.8,200.8,201.8,202.8,203.8,204.8,205.8,206.9,207.9,208.9,209.9,210.9,211.9,212.9,213.9,214.9,216,217,218,219,220,221,222,223,224.1,225.1,226.1,227.1,228.1,229.1,230.1,231.1,232.1,233.1,234.2,235.1,236.1,237.1,238,238.8,239.6,240.4,241,241.6,242.1,242.5,242.8,243.1,243.2,243.3,243.4,243.3,243.2,243.1,242.9,242.6,242.4,242.1,241.9,241.6,241.4,241.1,240.9,240.7,240.5,240.4,240.3,240.2,240.2,240.2,240.3,240.3,240.4,240.5,240.6,240.7,240.8,240.9,241,241.1,241.2,241.3,241.3,241.3,241.3,241.3,241.3,241.3,241.2,241.2,241.1,241.1,241,240.9,240.9,240.8,240.8,240.7,240.7,240.7,240.6,240.6,240.6,240.6,240.6,240.6,240.7,240.7,240.7,240.7,240.7,240.8,240.8,240.8,240.8,240.8,240.8,240.8,240.8,240.8,240.8,240.8,240.8,240.8,240.7,240.7,240.7,240.7,240.7,240.7,240.7,240.6,240.6,240.6,240.6,240.6,240.6,240.6,,,,,
12.03.2025 09:09:03,12.03.2025 09:10:19,Undefined,Tc99m (Retake) - S_Grima,Tc99m (Retake) - S_GrimaD,b4,,,MCP (Study),188.34,251041,Temperature setpoint,°C,25,25.5,26.5,27.5,28.5,29.5,30.5,31.5,32.5,33.5,34.5,35.5,36.5,37.5,38.5,39.5,40.5,41.5,42.5,43.5,44.5,45.5,46.5,47.5,48.5,49.5,50.5,51.5,52.5,53.5,54.5,55.5,56.5,57.5,58.5,59.5,60.5,61.5,62.5,63.5,64.5,65.5,66.5,67.5,68.5,69.5,70.5,71.5,72.5,73.5,74.5,75.5,76.5,77.5,78.5,79.5,80.5,81.5,82.5,83.5,84.5,85.5,86.5,87.5,88.5,89.5,90.5,91.5,92.5,93.5,94.5,95.5,96.5,97.5,98.5,99.5,100.5,101.5,102.5,103.5,104.5,105.5,106.5,107.5,108.5,109.5,110.5,111.5,112.5,113.5,114.5,115.5,116.5,117.5,118.5,119.5,120.5,121.5,122.5,123.5,124.5,125.5,126.5,127.5,128.6,129.6,130.6,131.6,132.6,133.6,134.6,135.6,136.6,137.6,138.6,139.6,140.6,141.6,142.6,143.6,144.6,145.6,146.6,147.6,148.6,149.6,150.6,151.6,152.6,153.6,154.6,155.6,156.6,157.6,158.6,159.6,160.6,161.6,162.6,163.6,164.6,165.6,166.6,167.6,168.6,169.6,170.6,171.6,172.6,173.6,174.6,175.6,176.6,177.6,178.6,179.6,180.6,181.6,182.6,183.6,184.6,185.6,186.6,187.6,188.6,189.6,190.6,191.6,192.6,193.6,194.6,195.6,196.6,197.6,198.6,199.6,200.6,201.6,202.6,203.6,204.6,205.6,206.6,207.6,208.6,209.6,210.6,211.6,212.6,213.6,214.6,215.6,216.6,217.6,218.6,219.6,220.6,221.6,222.6,223.6,224.6,225.6,226.6,227.6,228.6,229.5,230.5,231.5,232.5,233.5,234.5,235.5,236.5,237.5,238.5,239.5,240,240,240,240,240,240,240,240,240,240,240,240,240,240,240,240,240,240,240,240,240,240,240,240,240,240,240,240,240,240,240,240,240,240,240,240,240,240,240,240,240,240,240,240,240,240,240,240,240,240,240,240,240,240,240,240,240,240,240,240,240,240,240,240,240,240,240,240,240,240,240,240,240,240,240,240,240,240,240,240,240,240,240,240,240,240,240,240,240,240,240,240,240,240,240,240,240,240,240,,,,,
12.03.2025 09:10:52,12.03.2025 09:12:09,Undefined,Tc99m (Retake) - S_Grima,Tc99m (Retake) - S_GrimaD,b5,,,MCP (Study),183.017,263853,Counts measured,,16,16,16,15,13,11,9,8,9,11,12,12,12,11,11,11,13,14,16,18,18,17,16,15,15,16,20,23,22,18,13,11,11,14,17,19,20,19,18,17,16,17,19,21,20,18,17,17,19,19,20,20,21,23,24,24,22,22,22,22,21,19,17,15,13,14,15,18,21,22,22,23,23,20,17,16,18,21,23,24,24,24,23,23,24,26,27,26,25,24,21,18,16,16,21,26,28,26,24,23,23,23,23,23,24,25,23,19,16,16,16,14,14,18,24,27,27,27,29,34,39,41,41,44,50,54,53,50,51,57,66,78,86,89,91,98,108,113,115,122,133,139,140,152,179,211,239,256,267,282,304,326,346,379,430,485,527,556,581,614,664,727,792,845,884,924,979,1049,1131,1222,1315,1413,1516,1608,1674,1718,1761,1836,1953,2088,2215,2325,2425,2525,2623,2698,2751,2795,2815,2799,2783,2802,2841,2868,2887,2935,3030,3143,3239,3321,3415,3528,3648,3807,4043,4327,4604,4846,5051,5228,5389,5576,5842,6150,6356,6378,6290,6223,6203,6130,5907,5550,5154,4777,4407,4033,3682,3352,3016,2693,2421,2208,2017,1805,1562,1318,1112,958,844,759,689,625,561,497,434,377,335,306,287,275,263,246,226,207,191,173,154,140,137,146,156,154,141,132,129,125,116,110,110,113,116,119,120,116,109,102,95,87,82,80,78,73,69,68,71,74,76,76,74,73,73,74,74,72,71,76,81,79,72,65,61,59,60,62,67,72,74,69,63,61,62,64,66,67,67,67,67,67,67,67
12.03.2025 09:10:52,12.03.2025 09:12:09,Undefined,Tc99m (Retake) - S_Grima,Tc99m (Retake) - S_GrimaD,b5,,,MCP (Study),183.017,263853,Temperature measured,°C,35.1,35.1,35.1,35.1,35.1,35.1,35.1,35.1,35.1,35.1,35.1,35.1,35.1,35.1,35.1,35.1,35.1,35.2,35.4,35.7,36.1,36.7,37.5,38.5,39.6,40.9,42.3,43.8,45.4,47,48.5,50,51.5,52.8,54.1,55.2,56.3,57.3,58.2,59.1,59.9,60.7,61.5,62.3,63.1,63.9,64.7,65.6,66.5,67.5,68.5,69.6,70.7,71.8,73,74.2,75.3,76.5,77.7,78.8,80,81.1,82.2,83.2,84.3,85.3,86.3,87.2,88.2,89.2,90.1,91.1,92,93,94,95,96,97,98.1,99.1,100.2,101.3,102.3,103.4,104.5,105.6,106.6,107.7,108.7,109.8,110.8,111.9,112.9,113.9,114.9,115.9,116.9,117.9,118.9,119.9,120.9,121.9,123,124,125,126,127.1,128.1,129.1,130.2,131.2,132.3,133.3,134.3,135.4,136.4,137.4,138.5,139.5,140.5,141.5,142.5,143.6,144.6,145.6,146.6,147.6,148.6,149.7,150.7,151.7,152.7,153.7,154.8,155.8,156.8,157.8,158.9,159.9,160.9,161.9,163,164,165,166,167.1,168.1,169.1,170.1,171.1,172.1,173.2,174.2,175.2,176.2,177.2,178.2,179.3,180.3,181.3,182.3,183.3,184.3,185.4,186.4,187.4,188.4,189.4,190.4,191.5,192.5,193.5,194.5,195.5,196.5,197.6,198.6,199.6,200.6,201.6,202.6,203.7,204.7,205.7,206.7,207.7,208.7,209.7,210.7,211.8,212.8,213.8,214.8,215.8,216.8,217.8,218.8,219.9,220.9,221.9,222.9,223.9,224.9,225.9,227,228,229,230,231,232,233,234,235,236,237,237.9,238.7,239.5,240.3,240.9,241.5,242,242.4,242.7,242.9,243.1,243.2,243.2,243.2,243.1,242.9,242.7,242.5,242.3,242,241.7,241.5,241.2,241,240.8,240.6,240.4,240.3,240.2,240.1,240.1,240.1,240.2,240.2,240.3,240.4,240.5,240.6,240.7,240.9,241,241,241.1,241.2,241.2,241.3,241.3,241.3,241.2,241.2,241.2,241.1,241.1,241,240.9,240.9,240.8,240.8,240.7,240.7,240.6,240.6,240.6,240.6,240.6,240.6,240.6,240.6,240.6,240.6,240.6,240.6,240.7,240.7,240.7,240.7,240.7,240.7,240.8,240.8,240.8,240.7,240.7,240.7,240.7,240.7,240.7,240.7,240.7,240.6,240.6,240.6,240.6,240.6,240.6,240.6,240.6,240.5,240.5,240.5,,,,,
12.03.2025 09:10:52,12.03.2025 09:12:09,Undefined,Tc99m (Retake) - S_Grima,Tc99m (Retake) - S_GrimaD,b5,,,MCP (Study),183.017,263853,Temperature setpoint,°C,25.1,25.6,26.6,27.6,28.6,29.6,30.6,31.6,32.6,33.6,34.6,35.6,36.6,37.6,38.6,39.6,40.6,41.6,42.6,43.6,44.6,45.6,46.6,47.6,48.6,49.6,50.6,51.6,52.6,53.6,54.6,55.6,56.6,57.6,58.6,59.6,60.6,61.6,62.6,63.6,64.6,65.6,66.6,67.6,68.6,69.6,70.6,71.6,72.6,73.6,74.6,75.6,76.6,77.6,78.6,79.6,80.6,81.6,82.6,83.6,84.6,85.6,86.6,87.6,88.6,89.6,90.6,91.6,92.6,93.6,94.6,95.6,96.6,97.6,98.6,99.6,100.6,101.6,102.6,103.6,104.6,105.6,106.6,107.6,108.6,109.6,110.6,111.6,112.6,113.6,114.6,115.6,116.6,117.6,118.6,119.6,120.6,121.6,122.6,123.6,124.6,125.6,126.6,127.6,128.6,129.6,130.6,131.6,132.6,133.6,134.6,135.6,136.6,137.6,138.6,139.6,140.6,141.6,142.6,143.6,144.6,145.6,146.6,147.6,148.6,149.6,150.6,151.6,152.6,153.6,154.6,155.6,156.6,157.6,158.6,159.6,160.6,161.6,162.6,163.6,164.6,165.6,166.6,167.6,168.6,169.6,170.6,171.6,172.6,173.6,174.6,175.6,176.6,177.6,178.6,179.6,180.6,181.6,182.6,183.6,184.6,185.6,186.6,187.6,188.6,189.6,190.6,191.6,192.6,193.6,194.6,195.6,196.6,197.6,198.6,199.6,200.6,201.6,202.6,203.6,204.6,205.6,206.6,207.6,208.6,209.6,210.6,211.6,212.6,213.6,214.6,215.6,216.6,217.6,218.6,219.6,220.6,221.6,222.6,223.6,224.6,225.6,226.6,227.6,228.6,229.6,230.6,231.6,232.6,233.6,234.6,235.6,236.6,237.6,238.6,239.5,240,240,240,240,240,240,240,240,240,240,240,240,240,240,240,240,240,240,240,240,240,240,240,240,240,240,240,240,240,240,240,240,240,240,240,240,240,240,240,240,240,240,240,240,240,240,240,240,240,240,240,240,240,240,240,240,240,240,240,240,240,240,240,240,240,240,240,240,240,240,240,240,240,240,240,240,240,240,240,240,240,240,240,240,240,240,240,240,240,240,240,240,240,240,240,240,240,240,240,,,,,
12.03.2025 09:12:28,12.03.2025 09:13:46,Undefined,Tc99m (Retake) - S_Grima,Tc99m (Retake) - S_GrimaD,b6,,,MCP (Study),182.883,293109,Counts measured,,5,5,5,4,2,1,0,0,0,0,0,0,1,2,2,3,3,2,1,2,4,7,11,14,13,11,11,11,10,8,5,2,1,1,3,6,8,10,11,12,14,13,11,9,9,11,12,12,10,8,8,9,11,13,14,14,14,15,16,15,13,10,9,8,7,5,3,4,5,8,10,11,12,14,17,19,19,17,15,13,12,12,12,11,10,7,5,5,6,7,8,9,10,14,17,18,18,19,18,18,18,18,18,19,21,23,23,23,22,23,25,27,27,25,26,32,37,38,38,39,39,39,43,51,57,58,55,55,60,66,68,71,83,102,117,120,113,113,128,152,175,195,209,222,236,244,251,276,325,377,407,424,447,477,502,528,571,636,704,764,832,915,992,1045,1096,1172,1274,1373,1456,1535,1617,1703,1801,1914,2021,2105,2185,2271,2369,2508,2682,2815,2874,2909,2955,2999,3043,3111,3193,3249,3265,3268,3297,3356,3421,3473,3524,3589,3671,3780,3935,4139,4370,4596,4821,5077,5375,5693,6029,6370,6663,6893,7069,7162,7162,7147,7167,7124,6906,6529,6109,5730,5360,4936,4471,4009,3551,3099,2686,2337,2049,1806,1596,1404,1232,1083,950,821,705,610,541,495,455,405,360,334,310,276,249,240,234,214,187,166,152,145,145,148,144,136,132,140,150,153,150,148,143,131,120,118,123,127,123,112,101,95,91,86,80,79,82,82,79,80,86,91,93,90,84,78,77,81,85,87,86,83,82,83,89,94,94,88,78,71,73,80,86,88,89,89,87,84,82,80,80,80,80,80,80,80
12.03.2025 09:12:28,12.03.2025 09:13:46,Undefined,Tc99m (Retake) - S_Grima,Tc99m (Retake) - S_GrimaD,b6,,,MCP (Study),182.883,293109,Temperature measured,°C,40.4,40.4,40.5,40.5,40.5,40.5,40.5,40.5,40.5,40.5,40.5,40.5,40.5,40.5,40.4,40.4,40.4,40.4,40.3,40.3,40.3,40.3,40.4,40.5,40.8,41.2,41.7,42.4,43.3,44.4,45.7,47.1,48.6,50.1,51.7,53.3,54.8,56.3,57.7,59,60.2,61.3,62.3,63.3,64.2,65,65.8,66.6,67.4,68.2,69,69.8,70.7,71.6,72.5,73.5,74.5,75.6,76.7,77.9,79,80.2,81.4,82.6,83.8,84.9,86,87.1,88.2,89.2,90.3,91.3,92.3,93.2,94.2,95.1,96.1,97.1,98,99,100,101,102,103.1,104.1,105.2,106.2,107.3,108.4,109.4,110.5,111.6,112.7,113.7,114.8,115.8,116.8,117.9,118.9,119.9,120.9,121.9,122.9,123.9,124.9,125.9,126.9,128,129,130,131,132.1,133.1,134.1,135.2,136.2,137.2,138.3,139.3,140.4,141.4,142.4,143.5,144.5,145.5,146.5,147.6,148.6,149.6,150.6,151.6,152.6,153.6,154.7,155.7,156.7,157.7,158.7,159.8,160.8,161.8,162.8,163.9,164.9,165.9,166.9,168,169,170,171,172.1,173.1,174.1,175.1,176.1,177.2,178.2,179.2,180.2,181.2,182.2,183.2,184.2,185.3,186.3,187.3,188.3,189.3,190.3,191.4,192.4,193.4,194.4,195.4,196.5,197.5,198.5,199.5,200.5,201.6,202.6,203.6,204.6,205.6,206.6,207.6,208.7,209.7,210.7,211.7,212.7,213.7,214.7,215.7,216.8,217.8,218.8,219.8,220.8,221.8,222.8,223.9,224.9,225.9,226.9,227.9,228.9,229.9,231,232,233,234,235,236,236.9,237.8,238.7,239.5,240.2,240.9,241.4,241.9,242.4,242.7,242.9,243.1,243.2,243.2,243.2,243.1,242.9,242.8,242.5,242.3,242,241.8,241.5,241.3,241,240.8,240.6,240.4,240.3,240.2,240.1,240.1,240.1,240.1,240.2,240.2,240.3,240.4,240.6,240.7,240.8,240.9,241,241.1,241.1,241.2,241.2,241.2,241.2,241.2,241.2,241.1,241.1,241,241,240.9,240.9,240.8,240.8,240.7,240.7,240.6,240.6,240.6,240.5,240.5,240.5,240.5,240.5,240.5,240.6,240.6,240.6,240.6,240.6,240.7,240.7,240.7,240.7,240.7,240.7,240.7,240.7,240.7,240.7,240.7,240.7,240.7,240.7,240.6,240.6,240.6,240.6,240.6,240.6,240.6,240.6,240.5,240.5,240.5,240.5,,,,,
12.03.2025 09:12:28,12.03.2025 09:13:46,Undefined,Tc99m (Retake) - S_Grima,Tc99m (Retake) - S_GrimaD,b6,,,MCP (Study),182.883,293109,Temperature setpoint,°C,25.1,25.6,26.6,27.6,28.6,29.6,30.6,31.6,32.6,33.6,34.6,35.6,36.6,37.6,38.6,39.6,40.6,41.6,42.6,43.6,44.6,45.6,46.6,47.6,48.6,49.6,50.6,51.6,52.6,53.6,54.6,55.6,56.6,57.6,58.6,59.6,60.6,61.6,62.6,63.6,64.6,65.6,66.6,67.6,68.6,69.6,70.6,71.6,72.6,73.6,74.6,75.6,76.6,77.6,78.6,79.6,80.6,81.6,82.6,83.6,84.6,85.6,86.6,87.6,88.6,89.6,90.6,91.6,92.6,93.6,94.6,95.6,96.6,97.6,98.6,99.6,100.6,101.6,102.6,103.6,104.6,105.6,106.6,107.6,108.6,109.6,110.6,111.6,112.6,113.6,114.6,115.6,116.6,117.6,118.6,119.6,120.6,121.6,122.6,123.6,124.6,125.6,126.6,127.6,128.6,129.6,130.6,131.6,132.6,133.6,134.6,135.6,136.6,137.6,138.6,139.6,140.6,141.6,142.6,143.6,144.6,145.6,146.6,147.6,148.6,149.6,150.6,151.6,152.6,153.6,154.6,155.6,156.6,157.6,158.6,159.6,160.6,161.6,162.6,163.6,164.6,165.6,166.6,167.6,168.6,169.6,170.6,171.6,172.6,173.6,174.6,175.6,176.6,177.6,178.6,179.6,180.6,181.6,182.6,183.6,184.6,185.6,186.6,187.6,188.6,189.6,190.6,191.6,192.6,193.6,194.6,195.6,196.6,197.6,198.6,199.6,200.6,201.6,202.6,203.6,204.6,205.6,206.6,207.6,208.6,209.6,210.6,211.6,212.6,213.6,214.6,215.6,216.6,217.6,218.6,219.6,220.6,221.6,222.6,223.6,224.6,225.6,226.6,227.6,228.6,229.6,230.6,231.6,232.6,233.6,234.6,235.6,236.6,237.6,238.6,239.5,240,240,240,240,240,240,240,240,240,240,240,240,240,240,240,240,240,240,240,240,240,240,240,240,240,240,240,240,240,240,240,240,240,240,240,240,240,240,240,240,240,240,240,240,240,240,240,240,240,240,240,240,240,240,240,240,240,240,240,240,240,240,240,240,240,240,240,240,240,240,240,240,240,240,240,240,240,240,240,240,240,240,240,240,240,240,240,240,240,240,240,240,240,240,240,240,240,240,240,,,,,
12.03.2025 09:14:09,12.03.2025 09:15:28,Undefined,Tc99m (Retake) - S_Grima,Tc99m (Retake) - S_GrimaD,c4,,,MCP (Study),174.138,296971,Counts measured,,7,7,7,8,9,10,13,16,16,14,13,14,18,21,22,21,20,18,16,16,18,21,22,22,21,20,21,23,23,22,21,22,24,27,29,29,27,25,24,22,22,24,26,28,28,26,24,23,23,25,27,28,28,27,26,26,26,25,27,29,28,24,22,23,24,25,24,24,23,24,24,24,22,20,20,22,25,26,27,27,26,24,22,19,17,14,12,11,13,17,21,25,29,30,28,25,24,23,24,24,22,20,21,24,27,29,29,29,29,29,28,28,28,27,27,27,28,31,35,37,36,40,49,56,61,63,64,65,71,80,87,87,87,93,104,113,116,121,133,155,173,179,181,200,233,256,263,273,291,305,312,326,353,388,432,486,543,591,639,701,773,843,906,966,1029,1099,1180,1262,1335,1410,1484,1560,1650,1747,1833,1924,2041,2163,2257,2329,2421,2548,2682,2789,2864,2925,2982,3017,3025,3027,3060,3124,3184,3221,3247,3282,3316,3356,3421,3513,3631,3780,3954,4142,4352,4600,4854,5099,5367,5687,6034,6351,6597,6787,6950,7062,7081,7024,6912,6730,6480,6181,5857,5511,5112,4638,4147,3719,3358,3010,2669,2367,2119,1916,1742,1580,1419,1255,1094,954,855,792,745,689,618,547,490,444,400,361,333,315,310,313,309,286,255,240,239,236,229,222,209,189,174,174,182,188,189,185,173,157,145,141,141,147,160,170,167,158,156,164,169,163,149,136,132,134,134,127,117,113,118,123,122,119,123,131,132,130,129,124,111,95,86,89,96,98,93,90,91,94,97,100,101,101,101,101,101,101
12.03.2025 09:14:09,12.03.2025 09:15:28,Undefined,Tc99m (Retake) - S_Grima,Tc99m (Retake) - S_GrimaD,c4,,,MCP (Study),174.138,296971,Temperature measured,°C,39.6,39.6,39.6,39.6,39.6,39.6,39.7,39.7,39.6,39.6,39.6,39.6,39.6,39.6,39.6,39.6,39.5,39.5,39.5,39.5,39.5,39.6,39.7,39.9,40.3,40.8,41.5,42.4,43.4,44.6,46,47.5,49,50.6,52.2,53.7,55.2,56.6,57.9,59.2,60.3,61.3,62.3,63.2,64,64.8,65.6,66.4,67.2,68,68.8,69.7,70.5,71.5,72.5,73.5,74.6,75.7,76.8,78,79.2,80.4,81.6,82.7,83.9,85,86.1,87.2,88.2,89.3,90.3,91.2,92.2,93.2,94.1,95.1,96,97,98,99,100,101,102,103.1,104.1,105.2,106.3,107.3,108.4,109.5,110.6,111.6,112.7,113.7,114.8,115.8,116.8,117.9,118.9,119.9,120.9,121.9,122.9,123.9,124.9,125.9,126.9,128,129,130,131,132.1,133.1,134.1,135.2,136.2,137.3,138.3,139.3,140.4,141.4,142.4,143.5,144.5,145.5,146.5,147.5,148.6,149.6,150.6,151.6,152.6,153.6,154.7,155.7,156.7,157.7,158.7,159.8,160.8,161.8,162.8,163.9,164.9,165.9,166.9,168,169,170,171,172,173.1,174.1,175.1,176.1,177.1,178.2,179.2,180.2,181.2,182.2,183.2,184.2,185.3,186.3,187.3,188.3,189.3,190.4,191.4,192.4,193.4,194.4,195.4,196.5,197.5,198.5,199.5,200.5,201.5,202.6,203.6,204.6,205.6,206.6,207.6,208.6,209.6,210.7,211.7,212.7,213.7,214.7,215.7,216.8,217.8,218.8,219.8,220.8,221.8,222.8,223.8,224.9,225.9,226.9,227.9,228.9,229.9,230.9,231.9,233,234,235,235.9,236.9,237.8,238.7,239.5,240.2,240.9,241.4,241.9,242.3,242.7,242.9,243.1,243.2,243.2,243.2,243.1,242.9,242.7,242.5,242.3,242,241.7,241.5,241.2,241,240.8,240.6,240.4,240.3,240.2,240.1,240.1,240.1,240.1,240.2,240.3,240.4,240.5,240.6,240.7,240.8,240.9,241,241.1,241.1,241.2,241.2,241.2,241.2,241.2,241.2,241.1,241.1,241,241,240.9,240.9,240.8,240.7,240.7,240.7,240.6,240.6,240.6,240.5,240.5,240.5,240.5,240.5,240.6,240.6,240.6,240.6,240.6,240.7,240.7,240.7,240.7,240.7,240.7,240.7,240.7,240.7,240.7,240.7,240.7,240.7,240.7,240.7,240.6,240.6,240.6,240.6,240.6,240.6,240.6,240.5,240.5,240.5,240.5,240.5,,,,,
12.03.2025 09:14:09,12.03.2025 09:15:28,Undefined,Tc99m (Retake) - S_Grima,Tc99m (Retake) - S_GrimaD,c4,,,MCP (Study),174.138,296971,Temperature setpoint,°C,25.1,25.6,26.6,27.6,28.6,29.6,30.6,31.6,32.6,33.6,34.6,35.6,36.6,37.6,38.6,39.6,40.6,41.6,42.6,43.6,44.6,45.6,46.6,47.6,48.6,49.6,50.6,51.6,52.6,53.6,54.6,55.6,56.6,57.6,58.6,59.6,60.6,61.6,62.6,63.6,64.6,65.6,66.6,67.6,68.6,69.6,70.6,71.6,72.6,73.6,74.6,75.6,76.6,77.6,78.6,79.6,80.6,81.6,82.6,83.6,84.6,85.6,86.6,87.6,88.6,89.6,90.6,91.6,92.6,93.6,94.6,95.6,96.6,97.6,98.6,99.6,100.6,101.6,102.6,103.6,104.6,105.6,106.6,107.6,108.6,109.6,110.6,111.6,112.6,113.6,114.6,115.6,116.6,117.6,118.6,119.6,120.6,121.6,122.6,123.6,124.6,125.6,126.6,127.6,128.6,129.6,130.6,131.6,132.6,133.6,134.6,135.6,136.6,137.6,138.6,139.6,140.6,141.6,142.6,143.6,144.6,145.6,146.6,147.6,148.6,149.6,150.6,151.6,152.6,153.6,154.6,155.6,156.6,157.6,158.6,159.6,160.6,161.6,162.6,163.6,164.6,165.6,166.6,167.6,168.6,169.6,170.6,171.6,172.6,173.6,174.6,175.6,176.6,177.6,178.6,179.6,180.6,181.6,182.6,183.6,184.6,185.6,186.6,187.6,188.6,189.6,190.6,191.6,192.6,193.6,194.6,195.6,196.6,197.6,198.6,199.6,200.6,201.6,202.6,203.6,204.6,205.6,206.6,207.6,208.6,209.6,210.6,211.6,212.6,213.6,214.6,215.6,216.6,217.6,218.6,219.6,220.6,221.6,222.6,223.6,224.6,225.6,226.6,227.6,228.6,229.6,230.6,231.6,232.6,233.6,234.6,235.6,236.6,237.6,238.6,239.5,240,240,240,240,240,240,240,240,240,240,240,240,240,240,240,240,240,240,240,240,240,240,240,240,240,240,240,240,240,240,240,240,240,240,240,240,240,240,240,240,240,240,240,240,240,240,240,240,240,240,240,240,240,240,240,240,240,240,240,240,240,240,240,240,240,240,240,240,240,240,240,240,240,240,240,240,240,240,240,240,240,240,240,240,240,240,240,240,240,240,240,240,240,240,240,240,240,240,240,,,,,
12.03.2025 09:15:55,12.03.2025 09:17:13,Undefined,Tc99m (Retake) - S_Grima,Tc99m (Retake) - S_GrimaD,c5,,,MCP (Study),171.187,248241,Counts measured,,36,36,36,37,39,39,37,34,33,32,32,31,31,33,35,35,34,33,32,33,34,35,36,37,37,34,31,30,32,37,39,38,35,30,29,30,32,34,34,34,32,31,30,31,31,33,34,33,30,29,29,30,32,33,33,32,35,38,39,39,37,34,30,28,28,28,30,31,32,32,30,26,24,24,25,24,23,23,25,28,29,31,34,35,36,34,33,32,32,33,34,34,33,33,34,37,38,38,38,39,40,41,43,45,46,45,41,38,40,45,49,52,53,54,56,58,60,61,62,67,71,74,78,80,79,75,72,70,73,85,103,117,123,124,129,139,152,162,172,187,196,198,203,221,251,288,321,345,358,373,392,413,446,503,571,633,677,705,724,746,791,871,975,1074,1150,1210,1272,1355,1454,1547,1619,1673,1733,1822,1921,1992,2040,2122,2255,2386,2459,2496,2549,2622,2690,2736,2769,2793,2792,2746,2693,2695,2755,2826,2872,2905,2966,3088,3264,3466,3689,3924,4153,4374,4603,4830,5034,5221,5403,5585,5742,5864,5961,6024,6002,5879,5674,5396,5044,4658,4289,3927,3545,3154,2779,2416,2069,1767,1528,1341,1174,1009,857,728,620,520,435,386,370,360,336,299,258,223,205,201,197,190,183,178,176,174,173,173,168,155,147,153,168,174,163,145,129,112,97,94,106,122,131,126,115,109,112,116,114,108,101,96,94,95,96,96,97,99,98,95,97,102,104,105,105,105,103,99,96,91,86,84,85,86,87,88,93,99,100,96,91,85,77,72,76,82,84,82,81,81,81,81,81,81
12.03.2025 09:15:55,12.03.2025 09:17:13,Undefined,Tc99m (Retake) - S_Grima,Tc99m (Retake) - S_GrimaD,c5,,,MCP (Study),171.187,248241,Temperature measured,°C,38.9,38.9,38.9,38.9,39,39,39,39,39,39,39,38.9,38.9,38.9,38.9,38.9,38.9,38.8,38.8,38.8,38.9,39,39.2,39.5,40,40.6,41.4,42.4,43.5,44.8,46.2,47.8,49.3,50.9,52.5,54,55.4,56.8,58,59.2,60.3,61.3,62.2,63.1,63.9,64.7,65.5,66.3,67.1,67.9,68.7,69.6,70.5,71.5,72.5,73.6,74.6,75.8,76.9,78.1,79.3,80.4,81.6,82.8,83.9,85,86.1,87.2,88.2,89.2,90.2,91.2,92.2,93.1,94.1,95.1,96,97,98,99,100,101,102.1,103.1,104.2,105.2,106.3,107.4,108.4,109.5,110.6,111.6,112.7,113.7,114.8,115.8,116.8,117.9,118.9,119.9,120.9,121.9,122.9,123.9,124.9,125.9,126.9,128,129,130,131,132.1,133.1,134.1,135.2,136.2,137.3,138.3,139.3,140.4,141.4,142.4,143.5,144.5,145.5,146.5,147.5,148.5,149.6,150.6,151.6,152.6,153.6,154.6,155.7,156.7,157.7,158.7,159.8,160.8,161.8,162.8,163.9,164.9,165.9,166.9,168,169,170,171,172,173,174.1,175.1,176.1,177.1,178.1,179.2,180.2,181.2,182.2,183.2,184.2,185.3,186.3,187.3,188.3,189.3,190.3,191.4,192.4,193.4,194.4,195.4,196.4,197.5,198.5,199.5,200.5,201.5,202.6,203.6,204.6,205.6,206.6,207.6,208.6,209.6,210.6,211.7,212.7,213.7,214.7,215.7,216.7,217.7,218.8,219.8,220.8,221.8,222.8,223.8,224.9,225.9,226.9,227.9,228.9,229.9,230.9,231.9,232.9,233.9,234.9,235.9,236.9,237.8,238.7,239.5,240.2,240.9,241.4,241.9,242.4,242.7,242.9,243.1,243.2,243.3,243.2,243.1,243,242.8,242.6,242.4,242.1,241.8,241.6,241.3,241.1,240.8,240.6,240.5,240.3,240.2,240.1,240.1,240.1,240.1,240.2,240.2,240.3,240.4,240.5,240.7,240.8,240.9,241,241,241.1,241.2,241.2,241.2,241.2,241.2,241.2,241.2,241.1,241.1,241,241,240.9,240.8,240.8,240.7,240.7,240.6,240.6,240.6,240.6,240.6,240.5,240.5,240.5,240.6,240.6,240.6,240.6,240.6,240.6,240.7,240.7,240.7,240.7,240.7,240.7,240.7,240.7,240.7,240.7,240.7,240.7,240.7,240.7,240.7,240.6,240.6,240.6,240.6,240.6,240.6,240.6,240.5,240.5,240.5,240.5,,,,,
12.03.2025 09:15:55,12.03.2025 09:17:13,Undefined,Tc99m (Retake) - S_Grima,Tc99m (Retake) - S_GrimaD,c5,,,MCP (Study),171.187,248241,Temperature setpoint,°C,25,25.5,26.5,27.5,28.5,29.5,30.5,31.5,32.5,33.5,34.5,35.5,36.5,37.5,38.5,39.5,40.5,41.5,42.5,43.5,44.5,45.5,46.5,47.5,48.5,49.5,50.5,51.5,52.5,53.5,54.5,55.5,56.5,57.5,58.5,59.5,60.5,61.5,62.5,63.5,64.5,65.5,66.5,67.5,68.5,69.5,70.5,71.5,72.5,73.5,74.5,75.5,76.5,77.5,78.5,79.5,80.5,81.5,82.5,83.5,84.5,85.5,86.5,87.5,88.5,89.5,90.5,91.5,92.5,93.5,94.5,95.5,96.5,97.5,98.5,99.5,100.5,101.5,102.5,103.5,104.5,105.5,106.5,107.5,108.5,109.5,110.5,111.5,112.5,113.5,114.5,115.5,116.5,117.5,118.5,119.5,120.5,121.5,122.5,123.5,124.5,125.5,126.5,127.5,128.5,129.5,130.5,131.5,132.5,133.5,134.5,135.5,136.5,137.5,138.5,139.5,140.5,141.5,142.5,143.5,144.5,145.5,146.5,147.5,148.5,149.5,150.5,151.5,152.5,153.5,154.5,155.5,156.5,157.5,158.5,159.5,160.5,161.5,162.5,163.5,164.5,165.5,166.5,167.5,168.5,169.5,170.5,171.5,172.5,173.5,174.5,175.5,176.5,177.5,178.5,179.5,180.5,181.5,182.5,183.5,184.5,185.5,186.5,187.5,188.5,189.5,190.5,191.5,192.5,193.5,194.5,195.5,196.5,197.5,198.5,199.5,200.5,201.5,202.5,203.5,204.5,205.5,206.5,207.5,208.5,209.5,210.5,211.5,212.5,213.5,214.5,215.5,216.5,217.5,218.5,219.5,220.5,221.5,222.5,223.5,224.5,225.5,226.5,227.5,228.5,229.5,230.5,231.5,232.5,233.5,234.5,235.5,236.5,237.5,238.5,239.5,240,240,240,240,240,240,240,240,240,240,240,240,240,240,240,240,240,240,240,240,240,240,240,240,240,240,240,240,240,240,240,240,240,240,240,240,240,240,240,240,240,240,240,240,240,240,240,240,240,240,240,240,240,240,240,240,240,240,240,240,240,240,240,240,240,240,240,240,240,240,240,240,240,240,240,240,240,240,240,240,240,240,240,240,240,240,240,240,240,240,240,240,240,240,240,240,240,240,240,,,,,
12.03.2025 09:17:34,12.03.2025 09:18:53,Undefined,Tc99m (Retake) - S_Grima,Tc99m (Retake) - S_GrimaD,c6,,,MCP (Study),175.628,248431,Counts measured,,19,19,19,20,21,19,15,13,14,18,20,22,22,21,19,19,19,19,18,18,19,23,26,29,28,26,25,26,26,26,26,26,27,27,25,23,23,25,27,28,28,30,34,36,34,30,27,27,30,31,27,24,24,29,32,33,31,30,29,30,29,27,22,17,14,14,16,20,23,27,29,30,29,26,24,23,26,32,36,38,37,34,30,28,27,26,26,26,28,30,30,28,27,28,30,33,34,34,36,38,36,32,32,35,36,35,33,31,28,26,27,31,34,34,31,28,30,33,34,34,36,41,49,57,61,62,58,56,59,62,59,56,59,67,76,87,99,112,120,125,133,141,148,159,186,228,261,273,278,297,331,363,379,388,406,431,465,511,571,637,700,752,801,855,912,968,1032,1107,1197,1303,1401,1459,1479,1521,1635,1787,1899,1952,2007,2118,2257,2363,2421,2467,2521,2580,2628,2653,2674,2704,2733,2743,2726,2703,2722,2790,2862,2908,2948,3025,3148,3294,3451,3633,3845,4082,4343,4614,4873,5094,5279,5454,5626,5771,5878,5974,6024,5939,5700,5376,5062,4792,4531,4231,3883,3495,3092,2725,2424,2162,1906,1669,1467,1288,1119,977,870,780,698,629,570,507,439,373,322,293,280,271,258,235,213,209,220,226,216,196,178,174,178,176,160,145,140,142,144,144,141,135,130,131,136,136,126,117,121,127,121,108,102,103,106,106,103,98,95,96,96,90,85,91,105,116,118,115,114,111,104,99,100,108,111,107,98,91,90,94,99,101,99,99,102,101,95,90,88,88,88,88,88,88
12.03.2025 09:17:34,12.03.2025 09:18:53,Undefined,Tc99m (Retake) - S_Grima,Tc99m (Retake) - S_GrimaD,c6,,,MCP (Study),175.628,248431,Temperature measured,°C,41.5,41.5,41.5,41.6,41.6,41.6,41.6,41.6,41.6,41.6,41.6,41.6,41.6,41.5,41.5,41.5,41.5,41.5,41.4,41.4,41.4,41.4,41.4,41.5,41.6,41.9,42.2,42.8,43.5,44.3,45.4,46.6,48,49.5,51,52.6,54.2,55.8,57.2,58.6,60,61.2,62.3,63.3,64.3,65.2,66,66.9,67.6,68.4,69.2,70,70.8,71.7,72.5,73.5,74.5,75.5,76.6,77.7,78.8,80,81.2,82.4,83.5,84.7,85.9,87,88.1,89.2,90.2,91.3,92.3,93.3,94.2,95.2,96.1,97.1,98.1,99,100,101,102,103,104,105.1,106.1,107.2,108.3,109.3,110.4,111.5,112.6,113.6,114.7,115.7,116.8,117.8,118.9,119.9,120.9,121.9,122.9,123.9,124.9,125.9,126.9,127.9,128.9,130,131,132,133,134.1,135.1,136.1,137.2,138.2,139.3,140.3,141.3,142.4,143.4,144.4,145.5,146.5,147.5,148.5,149.6,150.6,151.6,152.6,153.6,154.6,155.6,156.7,157.7,158.7,159.7,160.7,161.8,162.8,163.8,164.8,165.9,166.9,167.9,168.9,170,171,172,173,174,175.1,176.1,177.1,178.1,179.1,180.2,181.2,182.2,183.2,184.2,185.2,186.3,187.3,188.3,189.3,190.3,191.3,192.3,193.4,194.4,195.4,196.4,197.4,198.5,199.5,200.5,201.5,202.5,203.5,204.6,205.6,206.6,207.6,208.6,209.6,210.6,211.7,212.7,213.7,214.7,215.7,216.7,217.7,218.8,219.8,220.8,221.8,222.8,223.8,224.8,225.9,226.9,227.9,228.9,229.9,230.9,231.9,232.9,234,235,235.9,236.9,237.8,238.7,239.5,240.2,240.8,241.4,241.9,242.3,242.7,242.9,243.1,243.2,243.2,243.2,243.1,242.9,242.8,242.5,242.3,242.1,241.8,241.5,241.3,241,240.8,240.6,240.4,240.3,240.2,240.1,240.1,240.1,240.1,240.2,240.2,240.3,240.4,240.5,240.7,240.8,240.9,241,241,241.1,241.2,241.2,241.2,241.2,241.2,241.2,241.1,241.1,241,241,240.9,240.9,240.8,240.8,240.7,240.7,240.6,240.6,240.6,240.5,240.5,240.5,240.5,240.5,240.6,240.6,240.6,240.6,240.6,240.6,240.7,240.7,240.7,240.7,240.7,240.7,240.7,240.7,240.7,240.7,240.7,240.7,240.7,240.7,240.6,240.6,240.6,240.6,240.6,240.6,240.6,240.6,240.5,240.5,240.5,240.5,,,,,
12.03.2025 09:17:34,12.03.2025 09:18:53,Undefined,Tc99m (Retake) - S_Grima,Tc99m (Retake) - S_GrimaD,c6,,,MCP (Study),175.628,248431,Temperature setpoint,°C,25.1,25.6,26.6,27.6,28.6,29.6,30.6,31.6,32.6,33.6,34.6,35.6,36.6,37.6,38.6,39.6,40.6,41.6,42.6,43.6,44.6,45.6,46.6,47.6,48.6,49.6,50.6,51.6,52.6,53.6,54.6,55.6,56.6,57.6,58.6,59.6,60.6,61.6,62.6,63.6,64.6,65.6,66.6,67.6,68.6,69.6,70.6,71.6,72.6,73.6,74.6,75.6,76.6,77.6,78.6,79.6,80.6,81.6,82.6,83.6,84.6,85.6,86.6,87.6,88.6,89.6,90.6,91.6,92.6,93.6,94.6,95.6,96.6,97.6,98.6,99.6,100.6,101.6,102.6,103.6,104.6,105.6,106.6,107.6,108.6,109.6,110.6,111.6,112.6,113.6,114.6,115.6,116.6,117.6,118.6,119.6,120.6,121.6,122.6,123.6,124.6,125.6,126.6,127.6,128.6,129.6,130.6,131.6,132.6,133.6,134.6,135.6,136.6,137.6,138.6,139.6,140.6,141.6,142.6,143.6,144.6,145.6,146.6,147.6,148.6,149.6,150.6,151.6,152.6,153.6,154.6,155.6,156.6,157.6,158.6,159.6,160.6,161.6,162.6,163.6,164.6,165.6,166.6,167.6,168.6,169.6,170.6,171.6,172.6,173.6,174.6,175.6,176.6,177.6,178.6,179.6,180.6,181.6,182.6,183.6,184.6,185.6,186.6,187.6,188.6,189.6,190.6,191.6,192.6,193.6,194.6,195.6,196.6,197.6,198.6,199.6,200.6,201.6,202.6,203.6,204.6,205.6,206.6,207.6,208.6,209.6,210.6,211.6,212.6,213.6,214.6,215.6,216.6,217.6,218.6,219.6,220.6,221.6,222.6,223.6,224.6,225.6,226.6,227.6,228.6,229.6,230.6,231.6,232.6,233.6,234.6,235.6,236.6,237.6,238.6,239.5,240,240,240,240,240,240,240,240,240,240,240,240,240,240,240,240,240,240,240,240,240,240,240,240,240,240,240,240,240,240,240,240,240,240,240,240,240,240,240,240,240,240,240,240,240,240,240,240,240,240,240,240,240,240,240,240,240,240,240,240,240,240,240,240,240,240,240,240,240,240,240,240,240,240,240,240,240,240,240,240,240,240,240,240,240,240,240,240,240,240,240,240,240,240,240,240,240,240,240,,,,,
12.03.2025 09:19:20,12.03.2025 09:20:40,Undefined,Tc99m (Retake) - S_Grima,Tc99m (Retake) - S_GrimaD,d4,,,MCP (Study),144.474,223633,Counts measured,,20,20,20,20,19,17,15,13,12,11,11,11,9,7,7,10,15,18,19,19,18,18,16,14,13,11,10,10,11,14,17,20,21,19,19,25,35,39,35,30,27,25,23,21,20,18,16,14,13,14,16,19,23,24,23,22,25,30,33,33,31,30,32,34,37,40,42,40,37,36,38,40,40,38,34,31,31,32,35,41,46,49,50,50,48,46,44,43,42,41,40,39,36,35,35,35,33,31,32,33,35,37,40,41,41,40,42,51,63,66,57,48,45,46,47,46,43,40,39,42,47,52,55,58,60,63,68,72,70,64,64,76,92,102,107,111,116,118,124,138,158,174,185,195,212,234,256,278,301,323,341,356,375,408,463,526,576,616,661,709,748,780,821,877,940,999,1063,1142,1222,1288,1354,1440,1538,1631,1704,1753,1799,1870,1961,2045,2112,2182,2256,2301,2304,2314,2367,2439,2468,2436,2395,2404,2456,2484,2479,2492,2546,2642,2790,2964,3095,3191,3331,3538,3787,4069,4349,4574,4757,4954,5177,5362,5441,5419,5371,5334,5270,5149,4931,4582,4169,3808,3512,3214,2891,2579,2298,2018,1731,1466,1245,1054,898,792,726,667,604,537,467,399,340,296,265,242,220,200,189,183,177,168,160,150,136,127,133,143,144,134,127,125,119,106,95,96,107,118,121,114,105,105,112,116,116,115,113,105,96,90,87,80,73,74,79,84,86,90,96,100,99,92,85,84,90,93,90,87,84,79,73,71,71,73,72,69,66,68,72,73,70,68,66,62,59,58,57,57,57,57,57,57
12.03.2025 09:19:20,12.03.2025 09:20:40,Undefined,Tc99m (Retake) - S_Grima,Tc99m (Retake) - S_GrimaD,d4,,,MCP (Study),144.474,223633,Temperature measured,°C,39.6,39.6,39.7,39.7,39.7,39.7,39.7,39.7,39.7,39.7,39.7,39.7,39.7,39.7,39.7,39.6,39.6,39.6,39.6,39.6,39.6,39.7,39.8,40,40.4,40.9,41.6,42.4,43.5,44.7,46,47.5,49,50.6,52.2,53.7,55.2,56.6,57.9,59.2,60.3,61.3,62.3,63.2,64.1,64.9,65.7,66.5,67.3,68.1,68.9,69.7,70.6,71.6,72.5,73.6,74.6,75.7,76.9,78,79.2,80.4,81.6,82.7,83.9,85,86.1,87.2,88.3,89.3,90.3,91.3,92.3,93.2,94.2,95.1,96.1,97.1,98.1,99,100,101.1,102.1,103.1,104.2,105.2,106.3,107.4,108.4,109.5,110.6,111.7,112.7,113.8,114.8,115.9,116.9,117.9,118.9,119.9,120.9,121.9,123,124,125,126,127,128,129,130,131.1,132.1,133.1,134.2,135.2,136.3,137.3,138.3,139.4,140.4,141.4,142.5,143.5,144.5,145.5,146.6,147.6,148.6,149.6,150.6,151.6,152.7,153.7,154.7,155.7,156.7,157.8,158.8,159.8,160.8,161.8,162.9,163.9,164.9,165.9,167,168,169,170,171.1,172.1,173.1,174.1,175.1,176.2,177.2,178.2,179.2,180.2,181.2,182.3,183.3,184.3,185.3,186.3,187.3,188.3,189.4,190.4,191.4,192.4,193.4,194.5,195.5,196.5,197.5,198.5,199.5,200.6,201.6,202.6,203.6,204.6,205.6,206.7,207.7,208.7,209.7,210.7,211.7,212.7,213.7,214.7,215.8,216.8,217.8,218.8,219.8,220.8,221.9,222.9,223.9,224.9,225.9,226.9,227.9,228.9,230,231,232,233,234,235,236,236.9,237.8,238.7,239.5,240.2,240.9,241.5,242,242.4,242.7,243,243.1,243.2,243.3,243.2,243.1,243,242.8,242.6,242.3,242.1,241.8,241.6,241.3,241.1,240.8,240.6,240.5,240.3,240.2,240.1,240.1,240.1,240.1,240.2,240.2,240.3,240.4,240.5,240.7,240.8,240.9,241,241,241.1,241.2,241.2,241.2,241.2,241.2,241.2,241.2,241.1,241.1,241,240.9,240.9,240.8,240.8,240.7,240.7,240.6,240.6,240.6,240.6,240.5,240.5,240.5,240.5,240.6,240.6,240.6,240.6,240.6,240.6,240.7,240.7,240.7,240.7,240.7,240.7,240.7,240.7,240.7,240.7,240.7,240.7,240.7,240.7,240.7,240.6,240.6,240.6,240.6,240.6,240.6,240.6,240.6,240.5,240.5,240.5,,,,,
12.03.2025 09:19:20,12.03.2025 09:20:40,Undefined,Tc99m (Retake) - S_Grima,Tc99m (Retake) - S_GrimaD,d4,,,MCP (Study),144.474,223633,Temperature setpoint,°C,25.1,25.6,26.6,27.6,28.6,29.6,30.6,31.6,32.6,33.6,34.6,35.6,36.6,37.6,38.6,39.6,40.6,41.6,42.6,43.6,44.6,45.6,46.6,47.6,48.6,49.6,50.6,51.6,52.6,53.6,54.6,55.6,56.6,57.6,58.6,59.6,60.6,61.6,62.6,63.6,64.6,65.6,66.6,67.6,68.6,69.6,70.6,71.6,72.6,73.6,74.6,75.6,76.6,77.6,78.6,79.6,80.6,81.6,82.6,83.6,84.6,85.6,86.6,87.6,88.6,89.6,90.6,91.6,92.6,93.6,94.6,95.6,96.6,97.6,98.6,99.6,100.6,101.6,102.6,103.6,104.6,105.6,106.6,107.6,108.6,109.6,110.6,111.6,112.6,113.6,114.6,115.6,116.6,117.6,118.6,119.6,120.6,121.6,122.6,123.6,124.6,125.6,126.6,127.6,128.6,129.6,130.6,131.6,132.6,133.6,134.6,135.6,136.6,137.6,138.6,139.6,140.6,141.6,142.6,143.6,144.6,145.6,146.6,147.6,148.6,149.6,150.6,151.6,152.6,153.6,154.6,155.6,156.6,157.6,158.6,159.6,160.6,161.6,162.6,163.6,164.6,165.6,166.6,167.6,168.6,169.6,170.6,171.6,172.6,173.6,174.6,175.6,176.6,177.6,178.6,179.6,180.6,181.6,182.6,183.6,184.6,185.6,186.6,187.6,188.6,189.6,190.6,191.6,192.6,193.6,194.6,195.6,196.6,197.6,198.6,199.6,200.6,201.6,202.6,203.6,204.6,205.6,206.6,207.6,208.6,209.6,210.6,211.6,212.6,213.6,214.6,215.6,216.6,217.6,218.6,219.6,220.6,221.6,222.6,223.6,224.6,225.6,226.6,227.6,228.6,229.6,230.6,231.6,232.6,233.6,234.6,235.6,236.6,237.6,238.6,239.5,240,240,240,240,240,240,240,240,240,240,240,240,240,240,240,240,240,240,240,240,240,240,240,240,240,240,240,240,240,240,240,240,240,240,240,240,240,240,240,240,240,240,240,240,240,240,240,240,240,240,240,240,240,240,240,240,240,240,240,240,240,240,240,240,240,240,240,240,240,240,240,240,240,240,240,240,240,240,240,240,240,240,240,240,240,240,240,240,240,240,240,240,240,240,240,240,240,240,240,,,,,
12.03.2025 09:21:26,12.03.2025 09:22:46,Undefined,Tc99m (Retake) - S_Grima,Tc99m (Retake) - S_GrimaD,d5,19,498,MCP (Study),148.604,254853,Counts measured,,17,17,17,17,17,16,14,13,15,17,19,20,22,23,23,23,24,27,30,32,33,33,34,38,43,44,41,37,35,34,35,36,36,36,34,33,33,34,35,34,31,27,25,26,28,29,28,27,27,28,27,27,29,29,29,28,29,30,31,32,32,30,28,26,27,28,29,30,32,35,36,36,36,34,31,29,28,30,32,34,34,32,31,32,34,35,34,33,34,36,39,41,42,41,39,39,39,39,40,42,41,38,35,34,36,37,37,37,38,41,43,43,44,45,45,44,41,40,40,43,46,46,44,43,48,57,68,76,78,75,72,76,85,95,104,111,120,128,132,132,133,141,157,172,179,189,212,241,266,291,327,370,407,438,471,501,521,541,578,638,704,751,782,823,883,947,1008,1076,1165,1270,1373,1460,1530,1586,1649,1732,1824,1908,1993,2096,2198,2276,2342,2431,2537,2616,2655,2693,2754,2799,2807,2804,2811,2819,2833,2869,2921,2977,3042,3106,3145,3173,3259,3462,3757,4056,4304,4521,4722,4886,5015,5171,5383,5603,5775,5884,5930,5882,5737,5548,5366,5164,4879,4527,4179,3855,3519,3156,2798,2486,2225,1996,1782,1580,1388,1213,1074,971,881,789,699,611,534,480,443,407,370,342,324,303,273,241,220,208,197,189,185,180,177,178,176,167,154,146,147,150,150,147,143,140,137,130,124,129,141,148,139,126,118,114,112,113,116,116,111,105,101,100,99,99,101,104,104,103,105,103,94,85,81,81,84,87,91,92,90,86,83,80,76,72,72,78,87,91,90,91,91,90,91,91
12.03.2025 09:21:26,12.03.2025 09:22:46,Undefined,Tc99m (Retake) - S_Grima,Tc99m (Retake) - S_GrimaD,d5,19,498,MCP (Study),148.604,254853,Temperature measured,°C,36.1,36.1,36.1,36.1,36.1,36.1,36.1,36.1,36.1,36.1,36.1,36.1,36.1,36.1,36.1,36.1,36.1,36.1,36.2,36.4,36.7,37.1,37.7,38.5,39.4,40.6,41.8,43.2,44.7,46.3,47.9,49.4,50.9,52.4,53.7,55,56.2,57.3,58.3,59.2,60.1,60.9,61.7,62.5,63.3,64.1,64.9,65.7,66.6,67.5,68.5,69.5,70.6,71.6,72.8,73.9,75.1,76.3,77.4,78.6,79.8,80.9,82,83.1,84.2,85.2,86.2,87.2,88.2,89.2,90.1,91.1,92,93,94,95,96,97,98,99,100.1,101.1,102.2,103.3,104.4,105.4,106.5,107.6,108.6,109.7,110.7,111.8,112.8,113.8,114.8,115.8,116.9,117.9,118.9,119.9,120.9,121.9,122.9,123.9,124.9,126,127,128,129.1,130.1,131.1,132.2,133.2,134.2,135.3,136.3,137.4,138.4,139.4,140.4,141.5,142.5,143.5,144.5,145.5,146.5,147.6,148.6,149.6,150.6,151.6,152.6,153.7,154.7,155.7,156.7,157.8,158.8,159.8,160.8,161.9,162.9,163.9,164.9,166,167,168,169,170,171.1,172.1,173.1,174.1,175.1,176.1,177.2,178.2,179.2,180.2,181.2,182.2,183.3,184.3,185.3,186.3,187.3,188.3,189.4,190.4,191.4,192.4,193.4,194.4,195.5,196.5,197.5,198.5,199.5,200.5,201.6,202.6,203.6,204.6,205.6,206.6,207.6,208.7,209.7,210.7,211.7,212.7,213.7,214.7,215.7,216.8,217.8,218.8,219.8,220.8,221.8,222.8,223.9,224.9,225.9,226.9,227.9,228.9,229.9,230.9,232,233,234,235,235.9,236.9,237.8,238.7,239.5,240.2,240.9,241.5,242,242.4,242.7,242.9,243.1,243.2,243.2,243.2,243.1,243,242.8,242.6,242.3,242.1,241.8,241.5,241.3,241,240.8,240.6,240.5,240.3,240.2,240.1,240.1,240.1,240.2,240.2,240.3,240.4,240.5,240.6,240.7,240.8,240.9,241,241.1,241.2,241.2,241.2,241.3,241.3,241.2,241.2,241.2,241.1,241.1,241,241,240.9,240.8,240.8,240.7,240.7,240.6,240.6,240.6,240.6,240.6,240.6,240.6,240.6,240.6,240.6,240.6,240.6,240.7,240.7,240.7,240.7,240.7,240.7,240.7,240.8,240.8,240.7,240.7,240.7,240.7,240.7,240.7,240.7,240.7,240.6,240.6,240.6,240.6,240.6,240.6,240.6,240.6,240.6,240.6,240.5,,,,,
12.03.2025 09:21:26,12.03.2025 09:22:46,Undefined,Tc99m (Retake) - S_Grima,Tc99m (Retake) - S_GrimaD,d5,19,498,MCP (Study),148.604,254853,Temperature setpoint,°C,25,25.5,26.5,27.5,28.5,29.5,30.5,31.5,32.5,33.5,34.5,35.5,36.5,37.5,38.5,39.5,40.5,41.5,42.5,43.5,44.5,45.5,46.5,47.5,48.5,49.5,50.5,51.5,52.5,53.5,54.5,55.5,56.5,57.5,58.5,59.5,60.5,61.5,62.5,63.5,64.5,65.5,66.5,67.5,68.5,69.5,70.5,71.5,72.5,73.5,74.5,75.5,76.5,77.5,78.5,79.5,80.5,81.5,82.5,83.5,84.5,85.5,86.5,87.5,88.5,89.5,90.5,91.5,92.5,93.5,94.5,95.5,96.5,97.5,98.5,99.5,100.5,101.5,102.5,103.5,104.5,105.5,106.5,107.5,108.5,109.5,110.5,111.5,112.5,113.5,114.5,115.5,116.5,117.5,118.5,119.5,120.5,121.5,122.5,123.5,124.5,125.5,126.5,127.5,128.5,129.5,130.5,131.5,132.5,133.5,134.5,135.5,136.5,137.5,138.5,139.5,140.5,141.5,142.5,143.5,144.5,145.5,146.5,147.5,148.5,149.5,150.5,151.5,152.5,153.5,154.5,155.5,156.5,157.5,158.5,159.5,160.5,161.5,162.5,163.5,164.5,165.5,166.5,167.5,168.5,169.5,170.5,171.5,172.5,173.5,174.5,175.5,176.5,177.5,178.5,179.5,180.5,181.5,182.5,183.5,184.5,185.5,186.5,187.5,188.5,189.5,190.5,191.5,192.5,193.5,194.5,195.5,196.5,197.5,198.5,199.5,200.5,201.5,202.5,203.5,204.5,205.5,206.5,207.5,208.5,209.5,210.5,211.5,212.5,213.5,214.5,215.5,216.5,217.5,218.5,219.5,220.5,221.5,222.5,223.5,224.5,225.5,226.5,227.5,228.5,229.5,230.5,231.5,232.5,233.5,234.5,235.5,236.5,237.5,238.5,239.5,240,240,240,240,240,240,240,240,240,240,240,240,240,240,240,240,240,240,240,240,240,240,240,240,240,240,240,240,240,240,240,240,240,240,240,240,240,240,240,240,240,240,240,240,240,240,240,240,240,240,240,240,240,240,240,240,240,240,240,240,240,240,240,240,240,240,240,240,240,240,240,240,240,240,240,240,240,240,240,240,240,240,240,240,240,240,240,240,240,240,240,240,240,240,240,240,240,240,240,,,,,
12.03.2025 09:23:09,12.03.2025 09:24:29,Undefined,Tc99m (Retake) - S_Grima,Tc99m (Retake) - S_GrimaD,d6,,,MCP (Study),146.776,202424,Counts measured,,17,17,17,17,19,23,24,24,24,25,23,20,17,17,19,23,27,33,39,42,41,38,38,38,38,37,37,38,41,43,41,39,38,37,36,37,38,38,37,38,40,40,36,33,33,34,36,38,40,41,40,39,39,39,40,38,33,30,31,33,32,29,26,25,28,33,37,34,29,27,29,30,31,31,32,33,35,35,33,32,31,30,29,30,31,33,34,35,36,36,34,31,29,29,31,34,35,36,37,40,45,53,56,52,47,46,45,42,37,34,35,38,41,44,46,49,52,58,63,63,58,54,57,66,71,71,70,71,76,85,95,98,95,96,103,112,118,126,136,145,151,158,169,183,195,202,209,228,259,289,318,351,389,431,476,518,547,561,574,601,651,721,787,835,881,942,1007,1064,1112,1162,1219,1284,1354,1430,1508,1582,1650,1721,1801,1887,1961,2015,2061,2107,2152,2199,2251,2294,2313,2326,2358,2405,2453,2483,2466,2411,2383,2435,2540,2652,2785,2956,3129,3272,3405,3547,3709,3912,4144,4357,4520,4645,4739,4808,4851,4842,4733,4513,4226,3934,3654,3353,3020,2690,2381,2092,1832,1600,1384,1194,1047,913,765,628,548,520,490,432,366,314,283,271,261,241,215,190,170,156,150,148,142,136,136,138,136,130,128,128,126,121,114,105,96,92,96,105,114,118,116,112,107,105,105,107,106,100,91,86,86,89,94,97,93,86,86,91,93,88,84,87,94,100,101,99,93,84,77,74,76,85,95,97,90,86,89,94,94,89,86,83,77,71,67,66,65,65,65,65,65,65
12.03.2025 09:23:09,12.03.2025 09:24:29,Undefined,Tc99m (Retake) - S_Grima,Tc99m (Retake) - S_GrimaD,d6,,,MCP (Study),146.776,202424,Temperature measured,°C,41.2,41.2,41.3,41.3,41.3,41.3,41.3,41.3,41.3,41.3,41.3,41.3,41.3,41.3,41.2,41.2,41.2,41.2,41.2,41.1,41.1,41.1,41.1,41.2,41.4,41.7,42.1,42.7,43.4,44.3,45.4,46.7,48.1,49.6,51.2,52.7,54.3,55.8,57.3,58.7,60,61.2,62.3,63.3,64.3,65.1,66,66.8,67.6,68.4,69.1,69.9,70.8,71.6,72.5,73.5,74.5,75.5,76.6,77.7,78.9,80,81.2,82.4,83.6,84.7,85.9,87,88.1,89.2,90.2,91.3,92.3,93.2,94.2,95.2,96.1,97.1,98.1,99,100,101,102,103,104,105.1,106.1,107.2,108.3,109.3,110.4,111.5,112.6,113.6,114.7,115.7,116.8,117.8,118.8,119.9,120.9,121.9,122.9,123.9,124.9,125.9,126.9,127.9,128.9,130,131,132,133,134.1,135.1,136.1,137.2,138.2,139.3,140.3,141.3,142.4,143.4,144.4,145.5,146.5,147.5,148.5,149.6,150.6,151.6,152.6,153.6,154.6,155.6,156.7,157.7,158.7,159.7,160.7,161.8,162.8,163.8,164.8,165.9,166.9,167.9,168.9,170,171,172,173,174,175.1,176.1,177.1,178.1,179.1,180.2,181.2,182.2,183.2,184.2,185.2,186.2,187.3,188.3,189.3,190.3,191.3,192.3,193.4,194.4,195.4,196.4,197.4,198.5,199.5,200.5,201.5,202.5,203.5,204.6,205.6,206.6,207.6,208.6,209.6,210.6,211.7,212.7,213.7,214.7,215.7,216.7,217.7,218.7,219.8,220.8,221.8,222.8,223.8,224.8,225.8,226.9,227.9,228.9,229.9,230.9,231.9,232.9,233.9,234.9,235.9,236.9,237.8,238.6,239.5,240.2,240.9,241.4,241.9,242.4,242.7,242.9,243.1,243.2,243.2,243.2,243.1,243,242.8,242.6,242.4,242.1,241.8,241.6,241.3,241.1,240.8,240.6,240.5,240.3,240.2,240.1,240.1,240.1,240.1,240.2,240.2,240.3,240.4,240.5,240.6,240.7,240.9,240.9,241,241.1,241.1,241.2,241.2,241.2,241.2,241.2,241.1,241.1,241.1,241,240.9,240.9,240.8,240.8,240.7,240.7,240.6,240.6,240.6,240.6,240.5,240.5,240.5,240.5,240.5,240.6,240.6,240.6,240.6,240.6,240.7,240.7,240.7,240.7,240.7,240.7,240.7,240.7,240.7,240.7,240.7,240.7,240.7,240.7,240.6,240.6,240.6,240.6,240.6,240.6,240.6,240.6,240.5,240.5,240.5,240.5,,,,,
12.03.2025 09:23:09,12.03.2025 09:24:29,Undefined,Tc99m (Retake) - S_Grima,Tc99m (Retake) - S_GrimaD,d6,,,MCP (Study),146.776,202424,Temperature setpoint,°C,25.1,25.6,26.6,27.6,28.6,29.6,30.6,31.6,32.6,33.6,34.6,35.6,36.6,37.6,38.6,39.6,40.6,41.6,42.6,43.6,44.6,45.6,46.6,47.6,48.6,49.6,50.6,51.6,52.6,53.6,54.6,55.6,56.6,57.6,58.6,59.6,60.6,61.6,62.6,63.6,64.6,65.6,66.6,67.6,68.6,69.6,70.6,71.6,72.6,73.6,74.6,75.6,76.6,77.6,78.6,79.6,80.6,81.6,82.6,83.6,84.6,85.6,86.6,87.6,88.6,89.6,90.6,91.6,92.6,93.6,94.6,95.6,96.6,97.6,98.6,99.6,100.6,101.6,102.6,103.6,104.6,105.6,106.6,107.6,108.6,109.6,110.6,111.6,112.6,113.6,114.6,115.6,116.6,117.6,118.6,119.6,120.6,121.6,122.6,123.6,124.6,125.6,126.6,127.6,128.6,129.6,130.6,131.6,132.6,133.6,134.6,135.6,136.6,137.6,138.6,139.6,140.6,141.6,142.6,143.6,144.6,145.6,146.6,147.6,148.6,149.6,150.6,151.6,152.6,153.6,154.6,155.6,156.6,157.6,158.6,159.6,160.6,161.6,162.6,163.6,164.6,165.6,166.6,167.6,168.6,169.6,170.6,171.6,172.6,173.6,174.6,175.6,176.6,177.6,178.6,179.6,180.6,181.6,182.6,183.6,184.6,185.6,186.6,187.6,188.6,189.6,190.6,191.6,192.6,193.6,194.6,195.6,196.6,197.6,198.6,199.6,200.6,201.6,202.6,203.6,204.6,205.6,206.6,207.6,208.6,209.6,210.6,211.6,212.6,213.6,214.6,215.6,216.6,217.6,218.6,219.6,220.6,221.6,222.6,223.6,224.6,225.6,226.6,227.6,228.6,229.6,230.6,231.6,232.6,233.6,234.6,235.6,236.6,237.6,238.6,239.5,240,240,240,240,240,240,240,240,240,240,240,240,240,240,240,240,240,240,240,240,240,240,240,240,240,240,240,240,240,240,240,240,240,240,240,240,240,240,240,240,240,240,240,240,240,240,240,240,240,240,240,240,240,240,240,240,240,240,240,240,240,240,240,240,240,240,240,240,240,240,240,240,240,240,240,240,240,240,240,240,240,240,240,240,240,240,240,240,240,240,240,240,240,240,240,240,240,240,240,,,,,
12.03.2025 09:24:49,12.03.2025 09:26:10,Undefined,Tc99m (Retake) - S_Grima,Tc99m (Retake) - S_GrimaD,e4,,,MCP (Study),120.49,187529,Counts measured,,7,7,7,6,7,8,9,9,8,10,12,12,11,12,13,13,11,9,8,8,8,10,15,19,20,21,21,20,17,13,13,16,19,20,22,23,24,23,21,18,16,16,18,25,32,32,27,23,22,23,23,24,26,27,25,20,16,15,16,17,20,24,28,30,29,27,25,24,23,22,25,32,39,40,34,28,25,24,25,27,28,27,26,27,28,28,27,27,28,27,25,22,21,20,21,22,23,23,24,25,27,29,31,31,31,33,34,35,34,33,32,30,27,24,23,25,32,42,49,52,52,54,58,63,63,58,53,53,57,64,71,74,72,72,82,96,103,103,104,107,112,120,135,153,162,162,168,184,201,214,227,242,259,284,321,362,390,407,434,481,533,574,598,610,627,667,729,791,848,908,971,1028,1072,1110,1177,1291,1412,1485,1513,1540,1594,1666,1734,1787,1823,1851,1885,1935,1992,2038,2070,2099,2131,2155,2157,2149,2156,2192,2247,2301,2349,2406,2478,2557,2660,2804,2970,3139,3337,3566,3785,3952,4079,4201,4309,4357,4332,4285,4249,4181,4014,3744,3430,3137,2896,2685,2471,2260,2064,1862,1641,1428,1255,1122,1007,893,786,700,625,559,508,469,434,401,366,325,286,259,246,235,216,193,181,182,188,188,179,166,154,141,130,125,124,126,127,120,108,101,100,102,104,106,107,104,100,100,105,108,108,109,106,98,89,83,81,81,78,70,64,64,71,79,84,86,87,87,86,84,78,68,63,66,74,80,84,84,83,79,72,65,67,75,81,84,85,85,85,85,85,85
12.03.2025 09:24:49,12.03.2025 09:26:10,Undefined,Tc99m (Retake) - S_Grima,Tc99m (Retake) - S_GrimaD,e4,,,MCP (Study),120.49,187529,Temperature measured,°C,42.5,42.6,42.6,42.6,42.6,42.6,42.6,42.6,42.6,42.6,42.6,42.6,42.6,42.6,42.6,42.6,42.5,42.5,42.5,42.5,42.5,42.4,42.4,42.4,42.5,42.6,42.9,43.2,43.7,44.4,45.3,46.3,47.5,48.9,50.4,51.9,53.5,55.1,56.6,58.1,59.5,60.9,62.1,63.2,64.3,65.2,66.1,67,67.8,68.6,69.4,70.2,70.9,71.8,72.6,73.5,74.4,75.4,76.4,77.5,78.6,79.8,80.9,82.1,83.3,84.5,85.6,86.8,87.9,89,90.1,91.2,92.2,93.2,94.2,95.2,96.1,97.1,98,99,100,100.9,101.9,102.9,103.9,105,106,107.1,108.1,109.2,110.3,111.3,112.4,113.5,114.6,115.6,116.7,117.7,118.8,119.8,120.8,121.8,122.8,123.9,124.9,125.9,126.9,127.9,128.9,129.9,130.9,131.9,132.9,134,135,136,137.1,138.1,139.2,140.2,141.2,142.3,143.3,144.3,145.4,146.4,147.4,148.4,149.5,150.5,151.5,152.5,153.5,154.6,155.6,156.6,157.6,158.6,159.6,160.7,161.7,162.7,163.7,164.7,165.8,166.8,167.8,168.8,169.9,170.9,171.9,172.9,174,175,176,177,178.1,179.1,180.1,181.1,182.1,183.1,184.1,185.2,186.2,187.2,188.2,189.2,190.2,191.2,192.3,193.3,194.3,195.3,196.3,197.4,198.4,199.4,200.4,201.4,202.5,203.5,204.5,205.5,206.5,207.5,208.5,209.6,210.6,211.6,212.6,213.6,214.6,215.6,216.6,217.7,218.7,219.7,220.7,221.7,222.7,223.7,224.8,225.8,226.8,227.8,228.8,229.8,230.9,231.9,232.9,233.9,234.9,235.9,236.8,237.7,238.6,239.4,240.1,240.8,241.4,241.9,242.3,242.6,242.9,243.1,243.2,243.2,243.2,243.1,242.9,242.8,242.6,242.3,242.1,241.8,241.5,241.3,241,240.8,240.6,240.4,240.3,240.2,240.1,240.1,240.1,240.1,240.1,240.2,240.3,240.4,240.5,240.6,240.8,240.9,241,241,241.1,241.2,241.2,241.2,241.2,241.2,241.2,241.1,241.1,241,241,240.9,240.9,240.8,240.8,240.7,240.7,240.6,240.6,240.6,240.5,240.5,240.5,240.5,240.5,240.6,240.6,240.6,240.6,240.6,240.6,240.7,240.7,240.7,240.7,240.7,240.7,240.7,240.7,240.7,240.7,240.7,240.7,240.7,240.7,240.6,240.6,240.6,240.6,240.6,240.6,240.6,240.5,240.5,240.5,240.5,240.5,,,,,
12.03.2025 09:24:49,12.03.2025 09:26:10,Undefined,Tc99m (Retake) - S_Grima,Tc99m (Retake) - S_GrimaD,e4,,,MCP (Study),120.49,187529,Temperature setpoint,°C,25,25.5,26.5,27.5,28.5,29.5,30.5,31.5,32.5,33.5,34.5,35.5,36.5,37.5,38.5,39.5,40.5,41.5,42.5,43.5,44.5,45.5,46.5,47.5,48.5,49.5,50.5,51.5,52.5,53.5,54.5,55.5,56.5,57.5,58.5,59.5,60.5,61.5,62.5,63.5,64.5,65.5,66.5,67.5,68.5,69.5,70.5,71.5,72.5,73.5,74.5,75.5,76.5,77.5,78.5,79.5,80.5,81.5,82.5,83.5,84.5,85.5,86.5,87.5,88.5,89.5,90.5,91.5,92.5,93.5,94.5,95.5,96.5,97.5,98.5,99.5,100.5,101.5,102.5,103.5,104.5,105.5,106.5,107.5,108.5,109.5,110.5,111.5,112.5,113.5,114.5,115.5,116.5,117.5,118.5,119.5,120.5,121.5,122.5,123.5,124.5,125.5,126.5,127.5,128.5,129.5,130.5,131.5,132.5,133.5,134.5,135.5,136.5,137.5,138.5,139.5,140.5,141.5,142.5,143.5,144.5,145.5,146.5,147.5,148.5,149.5,150.5,151.5,152.5,153.5,154.5,155.5,156.5,157.5,158.5,159.5,160.5,161.5,162.5,163.5,164.5,165.5,166.5,167.5,168.5,169.5,170.5,171.5,172.5,173.5,174.5,175.5,176.5,177.5,178.5,179.5,180.5,181.5,182.5,183.5,184.5,185.5,186.5,187.5,188.5,189.5,190.5,191.5,192.5,193.5,194.5,195.5,196.5,197.5,198.5,199.5,200.5,201.5,202.5,203.5,204.5,205.5,206.5,207.5,208.5,209.5,210.5,211.5,212.5,213.5,214.5,215.5,216.5,217.5,218.5,219.5,220.5,221.5,222.5,223.5,224.5,225.5,226.5,227.5,228.5,229.5,230.5,231.5,232.5,233.5,234.5,235.5,236.5,237.5,238.5,239.5,240,240,240,240,240,240,240,240,240,240,240,240,240,240,240,240,240,240,240,240,240,240,240,240,240,240,240,240,240,240,240,240,240,240,240,240,240,240,240,240,240,240,240,240,240,240,240,240,240,240,240,240,240,240,240,240,240,240,240,240,240,240,240,240,240,240,240,240,240,240,240,240,240,240,240,240,240,240,240,240,240,240,240,240,240,240,240,240,240,240,240,240,240,240,240,240,240,240,240,,,,,
12.03.2025 09:26:29,12.03.2025 09:27:50,Undefined,Tc99m (Retake) - S_Grima,Tc99m (Retake) - S_GrimaD,e5,,,MCP (Study),127.449,184377,Counts measured,,0,0,0,0,0,2,5,6,5,3,1,0,0,0,0,0,0,0,2,5,8,8,7,7,9,11,14,17,20,22,21,17,13,10,10,10,9,9,9,8,7,6,7,9,8,7,7,7,8,10,13,14,14,11,9,9,12,14,14,14,15,16,17,17,14,10,7,5,3,3,3,4,6,8,10,10,9,7,5,4,6,8,8,7,6,6,7,8,8,7,5,5,6,10,11,9,6,4,6,7,8,8,9,10,9,9,10,12,13,14,16,18,23,27,25,17,11,12,13,11,11,14,19,23,26,29,31,31,31,32,36,43,49,54,58,60,61,64,68,73,84,95,103,107,119,144,170,184,189,199,216,234,251,272,295,321,351,385,422,462,511,566,609,630,651,700,764,819,867,929,1010,1090,1159,1217,1268,1327,1411,1509,1598,1668,1733,1801,1861,1909,1963,2024,2067,2076,2076,2092,2117,2140,2155,2175,2217,2274,2308,2300,2280,2297,2384,2529,2684,2818,2936,3071,3238,3425,3619,3814,3999,4161,4284,4336,4332,4332,4341,4314,4209,4024,3802,3575,3329,3055,2784,2529,2265,1992,1740,1529,1358,1210,1075,961,872,781,675,574,495,434,384,344,316,295,271,250,239,239,237,223,197,172,158,155,152,140,124,112,104,104,109,111,106,98,89,83,86,96,102,96,89,89,91,88,84,83,79,71,61,57,57,58,60,63,67,65,56,49,47,47,47,52,61,66,64,62,60,55,48,43,44,47,52,55,54,49,47,52,56,53,46,42,42,44,44,44,44,44,44,44
12.03.2025 09:26:29,12.03.2025 09:27:50,Undefined,Tc99m (Retake) - S_Grima,Tc99m (Retake) - S_GrimaD,e5,,,MCP (Study),127.449,184377,Temperature measured,°C,42.9,42.9,42.9,42.9,43,43,43,43,43,43,43,42.9,42.9,42.9,42.9,42.9,42.9,42.8,42.8,42.8,42.8,42.8,42.7,42.7,42.8,42.9,43.1,43.4,43.9,44.6,45.4,46.4,47.5,48.9,50.3,51.9,53.4,55,56.6,58.1,59.5,60.9,62.1,63.3,64.3,65.3,66.3,67.1,67.9,68.7,69.5,70.3,71.1,71.9,72.7,73.6,74.5,75.5,76.5,77.6,78.7,79.8,81,82.1,83.3,84.5,85.7,86.8,88,89.1,90.2,91.2,92.3,93.3,94.3,95.3,96.2,97.2,98.1,99.1,100.1,101,102,103,104,105,106.1,107.1,108.2,109.3,110.3,111.4,112.5,113.5,114.6,115.7,116.7,117.8,118.8,119.9,120.9,121.9,122.9,123.9,124.9,125.9,126.9,127.9,129,130,131,132,133,134,135.1,136.1,137.1,138.2,139.2,140.3,141.3,142.3,143.4,144.4,145.4,146.5,147.5,148.5,149.5,150.6,151.6,152.6,153.6,154.6,155.6,156.7,157.7,158.7,159.7,160.7,161.7,162.8,163.8,164.8,165.8,166.9,167.9,168.9,169.9,171,172,173,174,175.1,176.1,177.1,178.1,179.1,180.2,181.2,182.2,183.2,184.2,185.2,186.2,187.3,188.3,189.3,190.3,191.3,192.3,193.4,194.4,195.4,196.4,197.4,198.5,199.5,200.5,201.5,202.5,203.5,204.6,205.6,206.6,207.6,208.6,209.6,210.6,211.7,212.7,213.7,214.7,215.7,216.7,217.7,218.7,219.8,220.8,221.8,222.8,223.8,224.8,225.9,226.9,227.9,228.9,229.9,230.9,231.9,232.9,233.9,234.9,235.9,236.9,237.8,238.6,239.4,240.2,240.8,241.4,241.9,242.3,242.7,242.9,243.1,243.2,243.2,243.2,243.1,242.9,242.7,242.5,242.3,242,241.8,241.5,241.2,241,240.8,240.6,240.4,240.3,240.2,240.1,240.1,240.1,240.1,240.1,240.2,240.3,240.4,240.5,240.6,240.8,240.9,241,241,241.1,241.1,241.2,241.2,241.2,241.2,241.2,241.1,241.1,241,241,240.9,240.9,240.8,240.7,240.7,240.6,240.6,240.6,240.5,240.5,240.5,240.5,240.5,240.5,240.5,240.6,240.6,240.6,240.6,240.6,240.7,240.7,240.7,240.7,240.7,240.7,240.7,240.7,240.7,240.7,240.7,240.7,240.7,240.6,240.6,240.6,240.6,240.6,240.6,240.6,240.6,240.5,240.5,240.5,240.5,240.5,,,,,
12.03.2025 09:26:29,12.03.2025 09:27:50,Undefined,Tc99m (Retake) - S_Grima,Tc99m (Retake) - S_GrimaD,e5,,,MCP (Study),127.449,184377,Temperature setpoint,°C,25.1,25.6,26.6,27.6,28.6,29.6,30.6,31.6,32.6,33.6,34.6,35.6,36.6,37.6,38.6,39.6,40.6,41.6,42.6,43.6,44.6,45.6,46.6,47.6,48.6,49.6,50.6,51.6,52.6,53.6,54.6,55.6,56.6,57.6,58.6,59.6,60.6,61.6,62.6,63.6,64.6,65.6,66.6,67.6,68.6,69.6,70.6,71.6,72.6,73.6,74.6,75.6,76.6,77.6,78.6,79.6,80.6,81.6,82.6,83.6,84.6,85.6,86.6,87.6,88.6,89.6,90.6,91.6,92.6,93.6,94.6,95.6,96.6,97.6,98.6,99.6,100.6,101.6,102.6,103.6,104.6,105.6,106.6,107.6,108.6,109.6,110.6,111.6,112.6,113.6,114.6,115.6,116.6,117.6,118.6,119.6,120.6,121.6,122.6,123.6,124.6,125.6,126.6,127.6,128.6,129.6,130.6,131.6,132.6,133.6,134.6,135.6,136.6,137.6,138.6,139.6,140.6,141.6,142.6,143.6,144.6,145.6,146.6,147.6,148.6,149.6,150.6,151.6,152.6,153.6,154.6,155.6,156.6,157.6,158.6,159.6,160.6,161.6,162.6,163.6,164.6,165.6,166.6,167.6,168.6,169.6,170.6,171.6,172.6,173.6,174.6,175.6,176.6,177.6,178.6,179.6,180.6,181.6,182.6,183.6,184.6,185.6,186.6,187.6,188.6,189.6,190.6,191.6,192.6,193.6,194.6,195.6,196.6,197.6,198.6,199.6,200.6,201.6,202.6,203.6,204.6,205.6,206.6,207.6,208.6,209.6,210.6,211.6,212.6,213.6,214.6,215.6,216.6,217.6,218.6,219.6,220.6,221.6,222.6,223.6,224.6,225.6,226.6,227.6,228.6,229.6,230.6,231.6,232.6,233.6,234.6,235.6,236.6,237.6,238.6,239.5,240,240,240,240,240,240,240,240,240,240,240,240,240,240,240,240,240,240,240,240,240,240,240,240,240,240,240,240,240,240,240,240,240,240,240,240,240,240,240,240,240,240,240,240,240,240,240,240,240,240,240,240,240,240,240,240,240,240,240,240,240,240,240,240,240,240,240,240,240,240,240,240,240,240,240,240,240,240,240,240,240,240,240,240,240,240,240,240,240,240,240,240,240,240,240,240,240,240,240,,,,,
12.03.2025 09:28:06,12.03.2025 09:29:27,Undefined,Tc99m (Retake) - S_Grima,Tc99m (Retake) - S_GrimaD,e6,,,MCP (Study),122.793,153927,Counts measured,,7,7,7,6,4,3,3,3,3,4,4,4,3,3,3,5,7,8,7,7,9,11,13,14,12,10,10,11,13,15,13,10,9,11,17,21,23,22,21,21,21,20,18,17,17,17,18,17,15,13,13,15,17,19,19,18,17,17,16,14,10,7,6,6,5,5,6,8,8,8,7,7,8,11,13,11,7,3,2,1,2,2,3,4,4,3,3,3,6,10,12,13,14,15,14,12,10,8,9,11,13,14,14,14,14,14,14,15,16,16,14,14,15,17,16,17,18,20,23,26,26,25,24,26,29,31,34,39,43,45,45,44,47,56,68,74,74,73,77,89,106,122,134,144,149,152,151,153,169,202,238,265,283,299,315,336,373,414,445,468,494,530,582,639,686,729,784,844,890,923,950,977,1020,1088,1165,1245,1336,1443,1551,1627,1657,1661,1675,1711,1755,1789,1823,1873,1920,1925,1893,1868,1870,1885,1912,1958,2015,2060,2094,2159,2299,2486,2656,2778,2886,3015,3170,3335,3476,3577,3652,3716,3763,3782,3759,3671,3532,3360,3142,2873,2599,2356,2131,1903,1674,1460,1268,1096,937,783,639,518,428,370,338,318,293,259,226,198,174,155,142,138,135,126,115,104,91,79,76,78,80,77,74,74,83,93,90,76,65,64,66,66,67,67,63,58,56,55,53,52,58,67,69,62,53,49,48,46,45,45,44,47,54,62,63,58,55,56,57,57,56,54,51,50,48,45,47,54,60,58,50,43,38,38,42,45,45,44,42,40,39,39,40,39,39,40,39,39
12.03.2025 09:28:06,12.03.2025 09:29:27,Undefined,Tc99m (Retake) - S_Grima,Tc99m (Retake) - S_GrimaD,e6,,,MCP (Study),122.793,153927,Temperature measured,°C,44.3,44.3,44.4,44.4,44.4,44.4,44.4,44.4,44.4,44.4,44.4,44.4,44.4,44.4,44.4,44.3,44.3,44.3,44.3,44.3,44.2,44.2,44.2,44.2,44.2,44.2,44.2,44.4,44.7,45.1,45.6,46.4,47.3,48.4,49.6,51,52.5,54.1,55.7,57.3,58.8,60.3,61.7,63,64.2,65.3,66.3,67.3,68.2,69,69.8,70.6,71.4,72.2,73,73.8,74.6,75.5,76.5,77.5,78.5,79.6,80.7,81.8,83,84.2,85.4,86.5,87.7,88.9,90,91.1,92.2,93.2,94.2,95.3,96.2,97.2,98.2,99.1,100.1,101.1,102,103,104,105,106,107,108.1,109.1,110.2,111.2,112.3,113.4,114.5,115.5,116.6,117.7,118.7,119.8,120.8,121.8,122.9,123.9,124.9,125.9,126.9,127.9,128.9,129.9,130.9,131.9,133,134,135,136,137.1,138.1,139.1,140.2,141.2,142.2,143.3,144.3,145.4,146.4,147.4,148.5,149.5,150.5,151.5,152.5,153.6,154.6,155.6,156.6,157.6,158.6,159.7,160.7,161.7,162.7,163.7,164.8,165.8,166.8,167.8,168.9,169.9,170.9,171.9,173,174,175,176,177,178.1,179.1,180.1,181.1,182.1,183.2,184.2,185.2,186.2,187.2,188.2,189.2,190.3,191.3,192.3,193.3,194.3,195.3,196.4,197.4,198.4,199.4,200.4,201.5,202.5,203.5,204.5,205.5,206.5,207.6,208.6,209.6,210.6,211.6,212.6,213.6,214.6,215.7,216.7,217.7,218.7,219.7,220.7,221.7,222.8,223.8,224.8,225.8,226.8,227.8,228.8,229.9,230.9,231.9,232.9,233.9,234.9,235.9,236.8,237.7,238.6,239.4,240.1,240.8,241.4,241.9,242.3,242.7,242.9,243.1,243.2,243.2,243.2,243.1,243,242.8,242.6,242.4,242.1,241.8,241.6,241.3,241.1,240.8,240.6,240.5,240.3,240.2,240.1,240.1,240.1,240.1,240.1,240.2,240.3,240.4,240.5,240.6,240.7,240.8,240.9,241,241.1,241.1,241.2,241.2,241.2,241.2,241.2,241.1,241.1,241,241,240.9,240.9,240.8,240.8,240.7,240.7,240.6,240.6,240.6,240.5,240.5,240.5,240.5,240.5,240.5,240.5,240.6,240.6,240.6,240.6,240.6,240.6,240.7,240.7,240.7,240.7,240.7,240.7,240.7,240.7,240.7,240.7,240.7,240.7,240.6,240.6,240.6,240.6,240.6,240.6,240.6,240.5,240.5,240.5,240.5,240.5,,,,,
12.03.2025 09:28:06,12.03.2025 09:29:27,Undefined,Tc99m (Retake) - S_Grima,Tc99m (Retake) - S_GrimaD,e6,,,MCP (Study),122.793,153927,Temperature setpoint,°C,25.1,25.6,26.6,27.6,28.6,29.6,30.6,31.6,32.6,33.6,34.6,35.6,36.6,37.6,38.6,39.6,40.6,41.6,42.6,43.6,44.6,45.6,46.6,47.6,48.6,49.6,50.6,51.6,52.6,53.6,54.6,55.6,56.6,57.6,58.6,59.6,60.6,61.6,62.6,63.6,64.6,65.6,66.6,67.6,68.6,69.6,70.6,71.6,72.6,73.6,74.6,75.6,76.6,77.6,78.6,79.6,80.6,81.6,82.6,83.6,84.6,85.6,86.6,87.6,88.6,89.6,90.6,91.6,92.6,93.6,94.6,95.6,96.6,97.6,98.6,99.6,100.6,101.6,102.6,103.6,104.6,105.6,106.6,107.6,108.6,109.6,110.6,111.6,112.6,113.6,114.6,115.6,116.6,117.6,118.6,119.6,120.6,121.6,122.6,123.6,124.6,125.6,126.6,127.6,128.6,129.6,130.6,131.6,132.6,133.6,134.6,135.6,136.6,137.6,138.6,139.6,140.6,141.6,142.6,143.6,144.6,145.6,146.6,147.6,148.6,149.6,150.6,151.6,152.6,153.6,154.6,155.6,156.6,157.6,158.6,159.6,160.6,161.6,162.6,163.6,164.6,165.6,166.6,167.6,168.6,169.6,170.6,171.6,172.6,173.6,174.6,175.6,176.6,177.6,178.6,179.6,180.6,181.6,182.6,183.6,184.6,185.6,186.6,187.6,188.6,189.6,190.6,191.6,192.6,193.6,194.6,195.6,196.6,197.6,198.6,199.6,200.6,201.6,202.6,203.6,204.6,205.6,206.6,207.6,208.6,209.6,210.6,211.6,212.6,213.6,214.6,215.6,216.6,217.6,218.6,219.6,220.6,221.6,222.6,223.6,224.6,225.6,226.6,227.6,228.6,229.6,230.6,231.6,232.6,233.6,234.6,235.6,236.6,237.6,238.6,239.5,240,240,240,240,240,240,240,240,240,240,240,240,240,240,240,240,240,240,240,240,240,240,240,240,240,240,240,240,240,240,240,240,240,240,240,240,240,240,240,240,240,240,240,240,240,240,240,240,240,240,240,240,240,240,240,240,240,240,240,240,240,240,240,240,240,240,240,240,240,240,240,240,240,240,240,240,240,240,240,240,240,240,240,240,240,240,240,240,240,240,240,240,240,240,240,240,240,240,240,,,,,
12.03.2025 09:29:55,12.03.2025 09:31:16,Undefined,Tc99m (Retake) - S_Grima,Tc99m (Retake) - S_GrimaD,f4,,,MCP (Study),107.339,173877,Counts measured,,39,39,39,39,38,37,38,40,42,41,38,35,33,30,27,26,28,31,33,33,33,34,37,41,44,45,46,47,48,47,44,43,42,41,40,40,39,36,32,30,30,33,35,35,33,33,34,37,39,39,38,39,41,42,42,43,42,42,42,42,40,37,36,37,37,34,32,31,32,32,33,35,37,35,33,31,31,31,32,33,34,35,34,32,30,27,25,24,26,29,31,31,28,26,27,28,29,28,28,29,32,35,37,38,38,40,42,44,45,44,44,44,46,49,51,49,46,46,49,50,52,54,58,60,59,56,56,61,67,70,70,75,87,95,94,89,91,101,112,118,125,139,154,166,180,196,203,202,209,229,251,270,292,323,365,407,443,470,493,520,557,602,647,687,719,753,814,903,984,1031,1063,1122,1202,1265,1299,1329,1367,1412,1474,1568,1679,1762,1785,1778,1803,1874,1947,1973,1951,1921,1927,1980,2049,2104,2139,2151,2145,2154,2202,2272,2336,2406,2520,2674,2844,3006,3138,3235,3334,3478,3667,3846,3946,3951,3910,3865,3818,3760,3663,3476,3199,2903,2649,2438,2240,2014,1745,1472,1242,1074,953,854,755,662,592,545,510,467,411,353,303,267,254,253,238,203,170,154,148,139,128,126,129,131,134,140,142,138,132,124,112,99,91,89,93,96,97,100,103,102,96,93,93,92,92,95,97,90,78,70,66,65,65,65,62,60,65,74,80,79,75,77,85,91,89,80,73,71,75,86,95,91,78,68,62,61,65,71,77,80,79,76,75,74,74,74,74,74,74,74
12.03.2025 09:29:55,12.03.2025 09:31:16,Undefined,Tc99m (Retake) - S_Grima,Tc99m (Retake) - S_GrimaD,f4,,,MCP (Study),107.339,173877,Temperature measured,°C,41.1,41.1,41.1,41.1,41.1,41.2,41.2,41.2,41.2,41.2,41.1,41.1,41.1,41.1,41.1,41.1,41.1,41.1,41,41,41,41,41,41.1,41.3,41.6,42,42.6,43.4,44.4,45.5,46.8,48.2,49.7,51.2,52.8,54.4,55.9,57.4,58.7,60,61.2,62.3,63.3,64.2,65.1,66,66.8,67.5,68.3,69.1,69.9,70.7,71.6,72.5,73.5,74.5,75.5,76.6,77.7,78.9,80,81.2,82.4,83.6,84.7,85.9,87,88.1,89.2,90.2,91.2,92.2,93.2,94.2,95.2,96.1,97.1,98,99,100,101,102,103,104,105.1,106.1,107.2,108.3,109.3,110.4,111.5,112.6,113.6,114.7,115.7,116.8,117.8,118.8,119.9,120.9,121.9,122.9,123.9,124.9,125.9,126.9,127.9,128.9,129.9,131,132,133,134.1,135.1,136.1,137.2,138.2,139.2,140.3,141.3,142.4,143.4,144.4,145.5,146.5,147.5,148.5,149.5,150.6,151.6,152.6,153.6,154.6,155.6,156.6,157.7,158.7,159.7,160.7,161.7,162.8,163.8,164.8,165.8,166.9,167.9,168.9,169.9,171,172,173,174,175,176.1,177.1,178.1,179.1,180.1,181.2,182.2,183.2,184.2,185.2,186.2,187.2,188.3,189.3,190.3,191.3,192.3,193.3,194.4,195.4,196.4,197.4,198.4,199.5,200.5,201.5,202.5,203.5,204.5,205.6,206.6,207.6,208.6,209.6,210.6,211.6,212.6,213.7,214.7,215.7,216.7,217.7,218.7,219.7,220.8,221.8,222.8,223.8,224.8,225.8,226.8,227.9,228.9,229.9,230.9,231.9,232.9,233.9,234.9,235.9,236.9,237.8,238.6,239.4,240.2,240.8,241.4,241.9,242.3,242.7,242.9,243.1,243.2,243.2,243.2,243.1,243,242.8,242.6,242.3,242.1,241.8,241.6,241.3,241.1,240.8,240.6,240.5,240.3,240.2,240.1,240.1,240.1,240.1,240.2,240.2,240.3,240.4,240.5,240.6,240.8,240.9,241,241,241.1,241.2,241.2,241.2,241.2,241.2,241.2,241.2,241.1,241.1,241,240.9,240.9,240.8,240.8,240.7,240.7,240.6,240.6,240.6,240.6,240.5,240.5,240.5,240.5,240.6,240.6,240.6,240.6,240.6,240.6,240.7,240.7,240.7,240.7,240.7,240.7,240.7,240.7,240.7,240.7,240.7,240.7,240.7,240.7,240.7,240.6,240.6,240.6,240.6,240.6,240.6,240.6,240.5,240.5,240.5,240.5,,,,,
12.03.2025 09:29:55,12.03.2025 09:31:16,Undefined,Tc99m (Retake) - S_Grima,Tc99m (Retake) - S_GrimaD,f4,,,MCP (Study),107.339,173877,Temperature setpoint,°C,25,25.5,26.5,27.5,28.5,29.5,30.5,31.5,32.5,33.5,34.5,35.5,36.5,37.5,38.5,39.5,40.5,41.5,42.5,43.5,44.5,45.5,46.5,47.5,48.5,49.5,50.5,51.5,52.5,53.5,54.5,55.5,56.5,57.5,58.5,59.5,60.5,61.5,62.5,63.5,64.5,65.5,66.5,67.5,68.5,69.5,70.5,71.5,72.5,73.5,74.5,75.5,76.5,77.5,78.5,79.5,80.5,81.5,82.5,83.5,84.5,85.5,86.5,87.5,88.5,89.5,90.5,91.5,92.5,93.5,94.5,95.5,96.5,97.5,98.5,99.5,100.5,101.5,102.5,103.5,104.5,105.5,106.5,107.5,108.5,109.5,110.5,111.5,112.5,113.5,114.5,115.5,116.5,117.5,118.5,119.5,120.5,121.5,122.5,123.5,124.5,125.5,126.5,127.5,128.5,129.5,130.5,131.5,132.5,133.5,134.5,135.5,136.5,137.5,138.5,139.5,140.5,141.5,142.5,143.5,144.5,145.5,146.5,147.5,148.5,149.5,150.5,151.5,152.5,153.5,154.5,155.5,156.5,157.5,158.5,159.5,160.5,161.5,162.5,163.5,164.5,165.5,166.5,167.5,168.5,169.5,170.5,171.5,172.5,173.5,174.5,175.5,176.5,177.5,178.5,179.5,180.5,181.5,182.5,183.5,184.5,185.5,186.5,187.5,188.5,189.5,190.5,191.5,192.5,193.5,194.5,195.5,196.5,197.5,198.5,199.5,200.5,201.5,202.5,203.5,204.5,205.5,206.5,207.5,208.5,209.5,210.5,211.5,212.5,213.5,214.5,215.5,216.5,217.5,218.5,219.5,220.5,221.5,222.5,223.5,224.5,225.5,226.5,227.5,228.5,229.5,230.5,231.5,232.5,233.5,234.5,235.5,236.5,237.5,238.5,239.5,240,240,240,240,240,240,240,240,240,240,240,240,240,240,240,240,240,240,240,240,240,240,240,240,240,240,240,240,240,240,240,240,240,240,240,240,240,240,240,240,240,240,240,240,240,240,240,240,240,240,240,240,240,240,240,240,240,240,240,240,240,240,240,240,240,240,240,240,240,240,240,240,240,240,240,240,240,240,240,240,240,240,240,240,240,240,240,240,240,240,240,240,240,240,240,240,240,240,240,,,,,
12.03.2025 09:31:36,12.03.2025 09:32:57,Undefined,Tc99m (Retake) - S_Grima,Tc99m (Retake) - S_GrimaD,f5,,,MCP (Study),107.596,139760,Counts measured,,23,23,23,23,23,21,20,19,17,15,14,16,17,16,15,14,16,18,20,20,19,15,13,12,12,13,14,15,18,21,23,24,23,20,18,16,16,17,19,21,20,16,12,10,11,14,17,17,15,14,16,19,23,25,25,23,20,20,22,25,26,24,22,22,25,29,30,27,24,24,27,31,33,34,35,36,36,31,25,21,23,27,30,32,34,35,35,35,36,35,32,31,32,34,34,33,33,33,35,37,37,39,41,39,35,32,31,32,33,33,33,34,37,39,40,40,41,44,48,52,50,46,43,45,49,54,56,57,58,57,53,51,55,60,62,65,70,73,75,78,87,97,106,110,114,126,141,156,170,180,181,185,201,223,247,283,338,387,412,423,436,451,473,500,524,550,596,656,710,760,811,853,893,953,1023,1076,1111,1143,1182,1245,1333,1415,1470,1514,1559,1597,1621,1638,1652,1653,1647,1656,1687,1726,1754,1767,1772,1771,1772,1783,1818,1897,2007,2095,2139,2186,2281,2428,2598,2743,2854,2945,3011,3051,3078,3085,3069,3038,2964,2824,2662,2521,2383,2213,2007,1789,1588,1417,1271,1137,1000,861,739,643,568,512,467,414,352,306,287,278,261,236,209,182,157,135,119,108,99,92,87,88,91,92,91,88,86,81,75,69,69,71,71,68,66,66,64,62,62,60,52,42,39,45,50,53,56,56,54,53,53,52,47,39,36,39,46,54,58,55,50,49,52,54,54,52,53,54,52,47,42,35,30,33,39,43,43,41,40,39,38,38,38,38,38,38,38,38
12.03.2025 09:31:36,12.03.2025 09:32:57,Undefined,Tc99m (Retake) - S_Grima,Tc99m (Retake) - S_GrimaD,f5,,,MCP (Study),107.596,139760,Temperature measured,°C,43.3,43.4,43.4,43.4,43.4,43.4,43.4,43.4,43.4,43.4,43.4,43.4,43.4,43.4,43.4,43.4,43.4,43.3,43.3,43.3,43.3,43.3,43.2,43.2,43.2,43.3,43.5,43.7,44.1,44.7,45.4,46.3,47.4,48.6,50,51.5,53.1,54.6,56.2,57.8,59.2,60.6,61.9,63.1,64.3,65.3,66.3,67.1,68,68.8,69.6,70.4,71.1,71.9,72.7,73.6,74.5,75.4,76.4,77.5,78.5,79.7,80.8,82,83.1,84.3,85.5,86.7,87.8,89,90.1,91.1,92.2,93.2,94.2,95.2,96.2,97.1,98.1,99.1,100,101,102,102.9,103.9,105,106,107,108.1,109.1,110.2,111.3,112.4,113.4,114.5,115.6,116.6,117.7,118.7,119.8,120.8,121.8,122.8,123.9,124.9,125.9,126.9,127.9,128.9,129.9,130.9,131.9,132.9,134,135,136,137.1,138.1,139.1,140.2,141.2,142.3,143.3,144.3,145.4,146.4,147.4,148.4,149.5,150.5,151.5,152.5,153.5,154.5,155.6,156.6,157.6,158.6,159.6,160.6,161.7,162.7,163.7,164.7,165.8,166.8,167.8,168.8,169.9,170.9,171.9,172.9,174,175,176,177,178,179.1,180.1,181.1,182.1,183.1,184.1,185.2,186.2,187.2,188.2,189.2,190.2,191.2,192.3,193.3,194.3,195.3,196.3,197.4,198.4,199.4,200.4,201.4,202.5,203.5,204.5,205.5,206.5,207.5,208.5,209.5,210.6,211.6,212.6,213.6,214.6,215.6,216.6,217.7,218.7,219.7,220.7,221.7,222.7,223.8,224.8,225.8,226.8,227.8,228.8,229.8,230.8,231.9,232.9,233.9,234.9,235.9,236.8,237.7,238.6,239.4,240.1,240.8,241.4,241.9,242.3,242.6,242.9,243.1,243.2,243.2,243.2,243.1,242.9,242.8,242.5,242.3,242.1,241.8,241.5,241.3,241,240.8,240.6,240.4,240.3,240.2,240.1,240.1,240.1,240.1,240.1,240.2,240.3,240.4,240.5,240.6,240.7,240.8,240.9,241,241.1,241.1,241.2,241.2,241.2,241.2,241.2,241.1,241.1,241,241,240.9,240.9,240.8,240.8,240.7,240.7,240.6,240.6,240.6,240.5,240.5,240.5,240.5,240.5,240.5,240.6,240.6,240.6,240.6,240.6,240.7,240.7,240.7,240.7,240.7,240.7,240.7,240.7,240.7,240.7,240.7,240.7,240.7,240.6,240.6,240.6,240.6,240.6,240.6,240.6,240.6,240.5,240.5,240.5,240.5,240.5,,,,,
12.03.2025 09:31:36,12.03.2025 09:32:57,Undefined,Tc99m (Retake) - S_Grima,Tc99m (Retake) - S_GrimaD,f5,,,MCP (Study),107.596,139760,Temperature setpoint,°C,25,25.5,26.5,27.5,28.5,29.5,30.5,31.5,32.5,33.5,34.5,35.5,36.5,37.5,38.5,39.5,40.5,41.5,42.5,43.5,44.5,45.5,46.5,47.5,48.5,49.5,50.5,51.5,52.5,53.5,54.5,55.5,56.5,57.5,58.5,59.5,60.5,61.5,62.5,63.5,64.5,65.5,66.5,67.5,68.5,69.5,70.5,71.5,72.5,73.5,74.5,75.5,76.5,77.5,78.5,79.5,80.5,81.5,82.5,83.5,84.5,85.5,86.5,87.5,88.5,89.5,90.5,91.5,92.5,93.5,94.5,95.5,96.5,97.5,98.5,99.5,100.5,101.5,102.5,103.5,104.5,105.5,106.5,107.5,108.5,109.5,110.5,111.5,112.5,113.5,114.5,115.5,116.5,117.5,118.5,119.5,120.5,121.5,122.5,123.5,124.5,125.5,126.5,127.5,128.5,129.5,130.5,131.5,132.5,133.5,134.5,135.5,136.5,137.5,138.5,139.5,140.5,141.5,142.5,143.5,144.5,145.5,146.5,147.5,148.5,149.5,150.5,151.5,152.5,153.5,154.5,155.5,156.5,157.5,158.5,159.5,160.5,161.5,162.5,163.5,164.5,165.5,166.5,167.5,168.5,169.5,170.5,171.5,172.5,173.5,174.5,175.5,176.5,177.5,178.5,179.5,180.5,181.5,182.5,183.5,184.5,185.5,186.5,187.5,188.5,189.5,190.5,191.5,192.5,193.5,194.5,195.5,196.5,197.5,198.5,199.5,200.5,201.5,202.5,203.5,204.5,205.5,206.5,207.5,208.5,209.5,210.5,211.5,212.5,213.5,214.5,215.5,216.5,217.5,218.5,219.5,220.5,221.5,222.5,223.5,224.5,225.5,226.5,227.5,228.5,229.5,230.5,231.5,232.5,233.5,234.5,235.5,236.5,237.5,238.5,239.5,240,240,240,240,240,240,240,240,240,240,240,240,240,240,240,240,240,240,240,240,240,240,240,240,240,240,240,240,240,240,240,240,240,240,240,240,240,240,240,240,240,240,240,240,240,240,240,240,240,240,240,240,240,240,240,240,240,240,240,240,240,240,240,240,240,240,240,240,240,240,240,240,240,240,240,240,240,240,240,240,240,240,240,240,240,240,240,240,240,240,240,240,240,240,240,240,240,240,240,,,,,
12.03.2025 09:33:49,12.03.2025 09:35:10,Undefined,Tc99m (Retake) - S_Grima,Tc99m (Retake) - S_GrimaD,f6,,,MCP (Study),111.138,176370,Counts measured,,23,23,23,22,19,17,16,17,23,37,54,56,45,33,29,31,32,32,32,32,34,36,37,37,37,37,37,39,41,43,42,37,30,25,23,24,25,25,24,22,21,24,27,29,29,29,28,27,26,29,33,36,35,32,31,31,30,26,24,23,23,21,21,21,22,22,24,26,28,31,33,34,34,35,37,38,38,36,35,34,35,35,36,35,36,37,37,36,34,34,33,33,35,40,43,45,44,43,42,40,39,41,43,43,41,38,37,38,41,42,44,46,46,43,43,45,47,47,46,45,44,43,45,48,50,52,52,51,56,64,67,67,72,82,92,96,97,98,100,106,119,142,166,182,191,201,215,230,250,276,296,300,301,318,347,381,414,449,487,534,582,617,649,690,736,773,808,850,901,964,1045,1136,1221,1301,1380,1446,1498,1554,1618,1677,1716,1745,1789,1866,1953,1999,1997,1999,2032,2062,2068,2070,2081,2089,2092,2103,2140,2199,2260,2316,2385,2460,2529,2609,2728,2890,3081,3283,3464,3610,3722,3803,3863,3895,3884,3843,3809,3766,3646,3426,3161,2913,2678,2429,2174,1941,1725,1520,1347,1216,1087,933,783,665,576,499,431,382,358,351,341,316,280,246,230,226,215,195,177,168,167,168,162,147,133,128,128,128,130,135,140,144,149,153,149,138,123,111,103,100,104,114,124,127,125,120,112,103,98,98,96,90,85,86,90,91,88,89,97,103,100,92,87,85,83,81,81,82,82,81,79,76,76,79,81,79,76,77,83,88,88,85,82,84,85,84,84,85,84,84
12.03.2025 09:33:49,12.03.2025 09:35:10,Undefined,Tc99m (Retake) - S_Grima,Tc99m (Retake) - S_GrimaD,f6,,,MCP (Study),111.138,176370,Temperature measured,°C,37.2,37.2,37.2,37.2,37.2,37.2,37.3,37.3,37.3,37.3,37.2,37.2,37.2,37.2,37.2,37.2,37.2,37.2,37.3,37.4,37.5,37.8,38.2,38.8,39.6,40.5,41.6,42.8,44.2,45.7,47.3,48.8,50.4,51.9,53.4,54.7,56,57.2,58.3,59.3,60.3,61.2,62,62.8,63.6,64.4,65.2,66,66.8,67.7,68.6,69.6,70.6,71.6,72.7,73.8,75,76.1,77.3,78.5,79.6,80.8,81.9,83.1,84.2,85.2,86.3,87.3,88.3,89.3,90.3,91.2,92.2,93.2,94.1,95.1,96.1,97.1,98.1,99.1,100.1,101.2,102.2,103.3,104.3,105.4,106.5,107.6,108.6,109.7,110.7,111.8,112.8,113.9,114.9,115.9,116.9,117.9,119,120,121,122,123,124,125,126,127,128.1,129.1,130.1,131.2,132.2,133.2,134.3,135.3,136.4,137.4,138.4,139.5,140.5,141.5,142.5,143.6,144.6,145.6,146.6,147.6,148.6,149.6,150.7,151.7,152.7,153.7,154.7,155.8,156.8,157.8,158.8,159.9,160.9,161.9,162.9,164,165,166,167,168,169.1,170.1,171.1,172.1,173.1,174.1,175.2,176.2,177.2,178.2,179.2,180.3,181.3,182.3,183.3,184.3,185.3,186.4,187.4,188.4,189.4,190.4,191.4,192.5,193.5,194.5,195.5,196.5,197.5,198.6,199.6,200.6,201.6,202.6,203.6,204.7,205.7,206.7,207.7,208.7,209.7,210.7,211.7,212.8,213.8,214.8,215.8,216.8,217.8,218.8,219.9,220.9,221.9,222.9,223.9,224.9,225.9,226.9,228,229,230,231,232,233,234,235,236,236.9,237.9,238.7,239.5,240.3,240.9,241.5,242,242.4,242.7,243,243.2,243.3,243.3,243.3,243.2,243,242.8,242.6,242.4,242.1,241.9,241.6,241.3,241.1,240.9,240.7,240.5,240.3,240.2,240.2,240.1,240.1,240.1,240.2,240.3,240.4,240.5,240.6,240.7,240.8,240.9,241,241.1,241.1,241.2,241.2,241.2,241.2,241.2,241.2,241.2,241.1,241.1,241,241,240.9,240.9,240.8,240.8,240.7,240.7,240.6,240.6,240.6,240.6,240.6,240.6,240.6,240.6,240.6,240.6,240.6,240.6,240.7,240.7,240.7,240.7,240.7,240.7,240.7,240.7,240.7,240.7,240.7,240.7,240.7,240.7,240.7,240.7,240.7,240.6,240.6,240.6,240.6,240.6,240.6,240.6,240.6,240.6,240.5,,,,,
12.03.2025 09:33:49,12.03.2025 09:35:10,Undefined,Tc99m (Retake) - S_Grima,Tc99m (Retake) - S_GrimaD,f6,,,MCP (Study),111.138,176370,Temperature setpoint,°C,25.1,25.6,26.6,27.6,28.6,29.6,30.6,31.6,32.6,33.6,34.6,35.6,36.6,37.6,38.6,39.6,40.6,41.6,42.6,43.6,44.6,45.6,46.6,47.6,48.6,49.6,50.6,51.6,52.6,53.6,54.6,55.6,56.6,57.6,58.6,59.6,60.6,61.6,62.6,63.6,64.6,65.6,66.6,67.6,68.6,69.6,70.6,71.6,72.6,73.6,74.6,75.6,76.6,77.6,78.6,79.6,80.6,81.6,82.6,83.6,84.6,85.6,86.6,87.6,88.6,89.6,90.6,91.6,92.6,93.6,94.6,95.6,96.6,97.6,98.6,99.6,100.6,101.6,102.6,103.6,104.6,105.6,106.6,107.6,108.6,109.6,110.6,111.6,112.6,113.6,114.6,115.6,116.6,117.6,118.6,119.6,120.6,121.6,122.6,123.6,124.6,125.6,126.6,127.6,128.6,129.6,130.6,131.6,132.6,133.6,134.6,135.6,136.6,137.6,138.6,139.6,140.6,141.6,142.6,143.6,144.6,145.6,146.6,147.6,148.6,149.6,150.6,151.6,152.6,153.6,154.6,155.6,156.6,157.6,158.6,159.6,160.6,161.6,162.6,163.6,164.6,165.6,166.6,167.6,168.6,169.6,170.6,171.6,172.6,173.6,174.6,175.6,176.6,177.6,178.6,179.6,180.6,181.6,182.6,183.6,184.6,185.6,186.6,187.6,188.6,189.6,190.6,191.6,192.6,193.6,194.6,195.6,196.6,197.6,198.6,199.6,200.6,201.6,202.6,203.6,204.6,205.6,206.6,207.6,208.6,209.6,210.6,211.6,212.6,213.6,214.6,215.6,216.6,217.6,218.6,219.6,220.6,221.6,222.6,223.6,224.6,225.6,226.6,227.6,228.6,229.6,230.6,231.6,232.6,233.6,234.6,235.6,236.6,237.6,238.6,239.5,240,240,240,240,240,240,240,240,240,240,240,240,240,240,240,240,240,240,240,240,240,240,240,240,240,240,240,240,240,240,240,240,240,240,240,240,240,240,240,240,240,240,240,240,240,240,240,240,240,240,240,240,240,240,240,240,240,240,240,240,240,240,240,240,240,240,240,240,240,240,240,240,240,240,240,240,240,240,240,240,240,240,240,240,240,240,240,240,240,240,240,240,240,240,240,240,240,240,240,,,,,