Timestamp,Evaluation timestamp,Software version,Set,Group,Element,DarkValue,RefLightValue,HeatingProfileName,MeasuredDose [µGy]:,MeasuredCounts,Curve type,Curve unit,0,0.1,0.2,0.3,0.4,0.5,0.6,0.7,0.8,0.9,1,1.1,1.2,1.3,1.4,1.5,1.6,1.7,1.8,1.9,2,2.1,2.2,2.3,2.4,2.5,2.6,2.7,2.8,2.9,3,3.1,3.2,3.3,3.4,3.5,3.6,3.7,3.8,3.9,4,4.1,4.2,4.3,4.4,4.5,4.6,4.7,4.8,4.9,5,5.1,5.2,5.3,5.4,5.5,5.6,5.7,5.8,5.9,6,6.1,6.2,6.3,6.4,6.5,6.6,6.7,6.8,6.9,7,7.1,7.2,7.3,7.4,7.5,7.6,7.7,7.8,7.9,8,8.1,8.2,8.3,8.4,8.5,8.6,8.7,8.8,8.9,9,9.1,9.2,9.3,9.4,9.5,9.6,9.7,9.8,9.9,10,10.1,10.2,10.3,10.4,10.5,10.6,10.7,10.8,10.9,11,11.1,11.2,11.3,11.4,11.5,11.6,11.7,11.8,11.9,12,12.1,12.2,12.3,12.4,12.5,12.6,12.7,12.8,12.9,13,13.1,13.2,13.3,13.4,13.5,13.6,13.7,13.8,13.9,14,14.1,14.2,14.3,14.4,14.5,14.6,14.7,14.8,14.9,15,15.1,15.2,15.3,15.4,15.5,15.6,15.7,15.8,15.9,16,16.1,16.2,16.3,16.4,16.5,16.6,16.7,16.8,16.9,17,17.1,17.2,17.3,17.4,17.5,17.6,17.7,17.8,17.9,18,18.1,18.2,18.3,18.4,18.5,18.6,18.7,18.8,18.9,19,19.1,19.2,19.3,19.4,19.5,19.6,19.7,19.8,19.9,20,20.1,20.2,20.3,20.4,20.5,20.6,20.7,20.8,20.9,21,21.1,21.2,21.3,21.4,21.5,21.6,21.7,21.8,21.9,22,22.1,22.2,22.3,22.4,22.5,22.6,22.7,22.8,22.9,23,23.1,23.2,23.3,23.4,23.5,23.6,23.7,23.8,23.9,24,24.1,24.2,24.3,24.4,24.5,24.6,24.7,24.8,24.9,25,25.1,25.2,25.3,25.4,25.5,25.6,25.7,25.8,25.9,26,26.1,26.2,26.3,26.4,26.5,26.6,26.7,26.8,26.9,27,27.1,27.2,27.3,27.4,27.5,27.6,27.7,27.8,27.9,28,28.1,28.2,28.3,28.4,28.5,28.6,28.7,28.8,28.9,29,29.1,29.2,29.3,29.4,29.5,29.6,29.7,29.8,29.9,30,30.1,30.2,30.3,30.4,30.5,30.6,30.7,30.8,30.9,31,31.1,31.2,31.3,31.4,,,,,
17.05.2024 11:22:11,17.05.2024 11:23:32,Undefined,2024.05.07 - 80 kVp,2024.05.07 - 80 kVp RESULTS,G3,,,MCP (Study),249.325,727277,Counts measured,,10,10,10,9,9,12,14,14,15,17,20,21,20,16,10,6,5,8,13,17,19,19,17,16,15,16,18,18,15,11,8,8,10,13,15,16,15,15,16,16,16,17,20,22,23,19,15,13,14,15,14,12,11,10,9,11,16,20,22,22,23,25,27,30,31,29,25,23,23,24,22,19,18,18,18,20,24,25,21,17,15,18,25,30,31,30,28,27,28,31,35,34,29,27,28,32,34,32,29,28,30,33,36,37,37,39,43,47,48,47,44,42,45,50,52,54,60,70,78,81,84,89,92,89,86,90,102,113,120,128,143,163,187,214,238,250,254,268,300,338,375,412,451,489,526,568,622,699,797,890,940,954,995,1103,1245,1381,1505,1628,1746,1866,2016,2211,2438,2664,2864,3052,3254,3467,3672,3900,4165,4436,4694,4940,5181,5430,5679,5890,6096,6402,6785,7087,7283,7478,7686,7839,7935,8034,8151,8266,8330,8311,8293,8386,8568,8736,8893,9093,9314,9530,9831,10308,10928,11568,12168,12771,13453,14248,15138,16019,16729,17207,17529,17783,17968,17997,17795,17391,16841,16131,15235,14191,13066,11904,10749,9648,8615,7619,6633,5716,4948,4313,3745,3234,2796,2413,2073,1791,1575,1408,1260,1113,966,839,750,698,666,634,587,528,472,434,412,394,374,358,351,353,353,341,324,314,307,296,286,280,276,277,285,296,295,276,252,241,245,255,264,264,254,246,243,240,227,216,216,222,221,210,201,202,205,200,193,190,191,190,182,171,165,166,170,170,163,155,156,166,180,187,182,168,153,143,137,134,133,133,133,133,133,133
17.05.2024 11:22:11,17.05.2024 11:23:32,Undefined,2024.05.07 - 80 kVp,2024.05.07 - 80 kVp RESULTS,G3,,,MCP (Study),249.325,727277,Temperature measured,°C,31,31,31,31,31,31,31,31,31,31,31,31,31,31.2,31.4,31.7,32.2,32.8,33.6,34.6,35.8,37.1,38.5,40,41.5,43.1,44.6,46.1,47.5,48.9,50.1,51.3,52.3,53.3,54.3,55.1,56,56.8,57.5,58.3,59.1,60,60.8,61.7,62.6,63.6,64.6,65.7,66.8,67.9,69.1,70.2,71.4,72.6,73.7,74.9,76,77.1,78.2,79.2,80.3,81.3,82.3,83.3,84.2,85.2,86.2,87.1,88.1,89.1,90,91,92.1,93.1,94.1,95.2,96.2,97.3,98.4,99.4,100.5,101.6,102.6,103.7,104.7,105.8,106.8,107.9,108.9,109.9,110.9,111.9,112.9,113.9,114.9,115.9,116.9,118,119,120,121,122,123.1,124.1,125.1,126.2,127.2,128.3,129.3,130.3,131.4,132.4,133.4,134.5,135.5,136.5,137.5,138.5,139.6,140.6,141.6,142.6,143.6,144.6,145.6,146.7,147.7,148.7,149.7,150.7,151.8,152.8,153.8,154.8,155.9,156.9,157.9,158.9,160,161,162,163,164,165.1,166.1,167.1,168.1,169.1,170.1,171.2,172.2,173.2,174.2,175.2,176.2,177.3,178.3,179.3,180.3,181.3,182.3,183.4,184.4,185.4,186.4,187.4,188.4,189.5,190.5,191.5,192.5,193.5,194.5,195.6,196.6,197.6,198.6,199.6,200.6,201.6,202.7,203.7,204.7,205.7,206.7,207.7,208.7,209.7,210.8,211.8,212.8,213.8,214.8,215.8,216.8,217.9,218.9,219.9,220.9,221.9,222.9,223.9,224.9,226,227,228,229,230,231,232,233,234,235,236,237,237.9,238.7,239.5,240.3,240.9,241.5,242,242.4,242.8,243,243.2,243.3,243.3,243.3,243.2,243,242.9,242.6,242.4,242.1,241.9,241.6,241.4,241.1,240.9,240.7,240.5,240.4,240.3,240.2,240.2,240.2,240.2,240.2,240.3,240.4,240.5,240.6,240.8,240.9,241,241.1,241.1,241.2,241.3,241.3,241.3,241.3,241.3,241.3,241.2,241.2,241.1,241.1,241,240.9,240.9,240.8,240.8,240.7,240.7,240.7,240.6,240.6,240.6,240.6,240.6,240.6,240.6,240.6,240.7,240.7,240.7,240.7,240.7,240.8,240.8,240.8,240.8,240.8,240.8,240.8,240.8,240.8,240.8,240.7,240.7,240.7,240.7,240.7,240.7,240.7,240.6,240.6,240.6,240.6,240.6,240.6,240.6,240.6,,,,,
17.05.2024 11:22:11,17.05.2024 11:23:32,Undefined,2024.05.07 - 80 kVp,2024.05.07 - 80 kVp RESULTS,G3,,,MCP (Study),249.325,727277,Temperature setpoint,°C,25,25.5,26.5,27.5,28.5,29.5,30.5,31.5,32.5,33.5,34.5,35.5,36.5,37.5,38.5,39.5,40.5,41.5,42.5,43.5,44.5,45.5,46.5,47.5,48.5,49.5,50.5,51.5,52.5,53.5,54.5,55.5,56.5,57.5,58.5,59.5,60.5,61.5,62.5,63.5,64.5,65.5,66.5,67.5,68.5,69.5,70.5,71.5,72.5,73.5,74.5,75.5,76.5,77.5,78.5,79.5,80.5,81.5,82.5,83.5,84.5,85.5,86.5,87.5,88.5,89.5,90.5,91.5,92.5,93.5,94.5,95.5,96.5,97.5,98.5,99.5,100.5,101.5,102.5,103.5,104.5,105.5,106.5,107.5,108.5,109.5,110.5,111.5,112.5,113.5,114.5,115.5,116.5,117.5,118.5,119.5,120.5,121.5,122.5,123.5,124.5,125.5,126.5,127.5,128.5,129.5,130.5,131.5,132.5,133.5,134.5,135.5,136.5,137.5,138.5,139.5,140.5,141.5,142.5,143.5,144.5,145.5,146.5,147.5,148.5,149.5,150.5,151.5,152.5,153.5,154.5,155.5,156.5,157.5,158.5,159.5,160.5,161.5,162.5,163.5,164.5,165.5,166.5,167.5,168.5,169.5,170.5,171.5,172.5,173.5,174.5,175.5,176.5,177.5,178.5,179.5,180.5,181.5,182.5,183.5,184.5,185.5,186.5,187.5,188.5,189.5,190.5,191.5,192.5,193.5,194.5,195.5,196.5,197.5,198.5,199.5,200.5,201.5,202.5,203.5,204.5,205.5,206.5,207.5,208.5,209.5,210.5,211.5,212.5,213.5,214.5,215.5,216.5,217.5,218.5,219.5,220.5,221.5,222.5,223.5,224.5,225.5,226.5,227.5,228.5,229.5,230.5,231.5,232.5,233.5,234.5,235.5,236.5,237.5,238.5,239.5,240,240,240,240,240,240,240,240,240,240,240,240,240,240,240,240,240,240,240,240,240,240,240,240,240,240,240,240,240,240,240,240,240,240,240,240,240,240,240,240,240,240,240,240,240,240,240,240,240,240,240,240,240,240,240,240,240,240,240,240,240,240,240,240,240,240,240,240,240,240,240,240,240,240,240,240,240,240,240,240,240,240,240,240,240,240,240,240,240,240,240,240,240,240,240,240,240,240,240,,,,,
17.05.2024 11:24:36,17.05.2024 11:25:58,Undefined,2024.05.07 - 80 kVp,2024.05.07 - 80 kVp RESULTS,G4,,,MCP (Study),506.649,1715293,Counts measured,,35,35,35,33,31,32,32,31,29,29,28,28,29,29,28,27,25,23,23,24,26,28,32,38,43,42,37,33,31,32,37,41,42,40,39,36,31,27,27,30,32,33,36,40,41,41,40,36,31,27,27,28,31,36,38,37,33,29,27,27,29,28,27,26,26,27,27,27,27,28,29,29,28,27,27,28,28,29,31,33,35,39,44,48,49,50,51,51,52,52,51,47,42,41,44,47,47,43,40,38,36,37,39,40,39,41,46,51,54,59,63,65,66,67,71,77,84,91,98,108,126,146,161,176,195,213,218,216,226,253,287,327,366,390,405,427,469,527,599,679,750,808,863,937,1046,1194,1362,1504,1601,1689,1805,1956,2138,2351,2566,2764,2989,3292,3627,3909,4132,4390,4765,5221,5659,6016,6346,6768,7326,7934,8516,9090,9673,10245,10793,11336,11887,12467,13113,13795,14422,14996,15548,16025,16392,16760,17218,17659,17959,18177,18434,18691,18866,19000,19158,19340,19493,19652,19952,20488,21183,21880,22585,23490,24686,26023,27439,29018,30701,32336,33945,35608,37218,38586,39652,40396,40788,40847,40593,40018,39033,37500,35439,33082,30628,28202,25899,23713,21551,19408,17366,15467,13740,12230,10927,9774,8743,7824,6976,6179,5495,4979,4576,4186,3763,3349,3019,2792,2611,2408,2193,2009,1869,1743,1625,1534,1472,1415,1345,1265,1195,1144,1097,1041,980,932,910,890,845,792,757,741,733,725,708,680,663,665,666,645,618,609,608,601,591,583,571,552,535,526,517,495,466,443,422,401,388,385,381,376,383,409,439,445,430,415,414,414,397,376,371,380,384,380,377,378,377,377,378,377
17.05.2024 11:24:36,17.05.2024 11:25:58,Undefined,2024.05.07 - 80 kVp,2024.05.07 - 80 kVp RESULTS,G4,,,MCP (Study),506.649,1715293,Temperature measured,°C,35.5,35.5,35.5,35.5,35.5,35.5,35.5,35.5,35.5,35.5,35.5,35.5,35.5,35.5,35.5,35.5,35.5,35.6,35.8,36,36.4,36.9,37.6,38.5,39.5,40.8,42.1,43.6,45.1,46.7,48.2,49.7,51.2,52.6,53.9,55.1,56.3,57.3,58.3,59.2,60,60.8,61.6,62.4,63.2,64,64.8,65.7,66.6,67.5,68.5,69.6,70.6,71.7,72.9,74,75.2,76.4,77.6,78.7,79.9,81,82.1,83.2,84.2,85.2,86.2,87.2,88.2,89.2,90.1,91.1,92,93,94,95,96,97,98,99.1,100.1,101.2,102.3,103.3,104.4,105.5,106.6,107.6,108.7,109.7,110.8,111.8,112.8,113.9,114.9,115.9,116.9,117.9,118.9,119.9,120.9,121.9,122.9,123.9,125,126,127,128.1,129.1,130.1,131.2,132.2,133.2,134.3,135.3,136.4,137.4,138.4,139.4,140.5,141.5,142.5,143.5,144.5,145.5,146.6,147.6,148.6,149.6,150.6,151.6,152.7,153.7,154.7,155.7,156.8,157.8,158.8,159.8,160.9,161.9,162.9,163.9,165,166,167,168,169,170,171.1,172.1,173.1,174.1,175.1,176.1,177.2,178.2,179.2,180.2,181.2,182.3,183.3,184.3,185.3,186.3,187.3,188.4,189.4,190.4,191.4,192.4,193.4,194.4,195.5,196.5,197.5,198.5,199.5,200.5,201.6,202.6,203.6,204.6,205.6,206.6,207.6,208.7,209.7,210.7,211.7,212.7,213.7,214.7,215.8,216.8,217.8,218.8,219.8,220.8,221.8,222.8,223.9,224.9,225.9,226.9,227.9,228.9,229.9,230.9,231.9,233,234,235,235.9,236.9,237.8,238.7,239.5,240.2,240.9,241.5,242,242.4,242.7,242.9,243.1,243.2,243.2,243.2,243.1,242.9,242.7,242.5,242.3,242,241.8,241.5,241.2,241,240.8,240.6,240.4,240.3,240.2,240.1,240.1,240.1,240.1,240.2,240.3,240.4,240.5,240.6,240.7,240.8,240.9,241,241.1,241.2,241.2,241.2,241.3,241.3,241.2,241.2,241.2,241.1,241.1,241,240.9,240.9,240.8,240.8,240.7,240.7,240.6,240.6,240.6,240.6,240.6,240.6,240.6,240.6,240.6,240.6,240.6,240.7,240.7,240.7,240.7,240.7,240.7,240.7,240.8,240.8,240.8,240.8,240.7,240.7,240.7,240.7,240.7,240.7,240.7,240.6,240.6,240.6,240.6,240.6,240.6,240.6,240.6,240.6,240.6,240.6,,,,,
17.05.2024 11:24:36,17.05.2024 11:25:58,Undefined,2024.05.07 - 80 kVp,2024.05.07 - 80 kVp RESULTS,G4,,,MCP (Study),506.649,1715293,Temperature setpoint,°C,25,25.5,26.5,27.5,28.5,29.5,30.5,31.5,32.5,33.5,34.5,35.5,36.5,37.5,38.5,39.5,40.5,41.5,42.5,43.5,44.5,45.5,46.5,47.5,48.5,49.5,50.5,51.5,52.5,53.5,54.5,55.5,56.5,57.5,58.5,59.5,60.5,61.5,62.5,63.5,64.5,65.5,66.5,67.5,68.5,69.5,70.5,71.5,72.5,73.5,74.5,75.5,76.5,77.5,78.5,79.5,80.5,81.5,82.5,83.5,84.5,85.5,86.5,87.5,88.5,89.5,90.5,91.5,92.5,93.5,94.5,95.5,96.5,97.5,98.5,99.5,100.5,101.5,102.5,103.5,104.5,105.5,106.5,107.5,108.5,109.5,110.5,111.5,112.5,113.5,114.5,115.5,116.5,117.5,118.5,119.5,120.5,121.5,122.5,123.5,124.5,125.5,126.5,127.5,128.5,129.5,130.5,131.5,132.5,133.5,134.5,135.5,136.5,137.5,138.5,139.5,140.5,141.5,142.5,143.5,144.5,145.5,146.5,147.5,148.5,149.5,150.5,151.5,152.5,153.5,154.5,155.5,156.5,157.5,158.5,159.5,160.5,161.5,162.5,163.5,164.5,165.5,166.5,167.5,168.5,169.5,170.5,171.5,172.5,173.5,174.5,175.5,176.5,177.5,178.5,179.5,180.5,181.5,182.5,183.5,184.5,185.5,186.5,187.5,188.5,189.5,190.5,191.5,192.5,193.5,194.5,195.5,196.5,197.5,198.5,199.5,200.5,201.5,202.5,203.5,204.5,205.5,206.5,207.5,208.5,209.5,210.5,211.5,212.5,213.5,214.5,215.5,216.5,217.5,218.5,219.5,220.5,221.5,222.5,223.5,224.5,225.5,226.5,227.5,228.5,229.5,230.5,231.5,232.5,233.5,234.5,235.5,236.5,237.5,238.5,239.5,240,240,240,240,240,240,240,240,240,240,240,240,240,240,240,240,240,240,240,240,240,240,240,240,240,240,240,240,240,240,240,240,240,240,240,240,240,240,240,240,240,240,240,240,240,240,240,240,240,240,240,240,240,240,240,240,240,240,240,240,240,240,240,240,240,240,240,240,240,240,240,240,240,240,240,240,240,240,240,240,240,240,240,240,240,240,240,240,240,240,240,240,240,240,240,240,240,240,240,,,,,
17.05.2024 11:26:30,17.05.2024 11:27:51,Undefined,2024.05.07 - 80 kVp,2024.05.07 - 80 kVp RESULTS,G5,,,MCP (Study),1041.247,3260672,Counts measured,,4,4,4,5,7,9,12,13,13,12,12,12,13,13,12,11,12,16,20,24,27,31,33,33,31,29,27,25,23,24,27,31,31,29,26,24,24,27,28,26,22,19,17,17,17,18,19,22,24,25,25,23,20,19,22,27,30,29,24,18,14,12,13,16,19,20,19,18,19,20,21,21,22,24,28,31,32,33,32,31,30,29,30,32,34,35,38,42,43,41,35,32,33,37,39,37,36,39,43,47,51,58,67,72,73,74,78,81,83,83,85,91,98,104,113,122,130,139,153,173,194,211,226,244,269,297,327,355,379,403,432,470,520,585,656,723,778,830,903,1010,1143,1272,1377,1468,1590,1765,1969,2176,2397,2639,2888,3141,3403,3679,3991,4368,4794,5247,5735,6263,6806,7337,7858,8394,9005,9729,10552,11421,12293,13164,14061,15016,16054,17152,18216,19219,20256,21405,22620,23832,25007,26131,27196,28206,29169,30105,31076,32060,32980,33831,34570,35049,35232,35387,35819,36500,37190,37756,38215,38664,39304,40298,41641,43248,45111,47237,49616,52254,55179,58366,61695,65090,68409,71507,74204,76270,77580,78243,78351,77739,76259,73969,70993,67508,63697,59561,55096,50510,46046,41759,37704,34006,30690,27613,24690,21949,19427,17208,15361,13803,12378,11059,9885,8886,8026,7239,6512,5894,5409,5016,4652,4289,3953,3676,3457,3269,3081,2901,2752,2624,2488,2348,2231,2149,2085,2023,1966,1914,1859,1802,1748,1687,1622,1575,1556,1549,1530,1490,1437,1383,1328,1283,1281,1322,1352,1339,1301,1265,1238,1225,1235,1249,1227,1167,1122,1132,1170,1192,1181,1149,1114,1080,1055,1047,1056,1057,1040,1019,1005,984,945,905,880,869,865,866,866,865,866,866
17.05.2024 11:26:30,17.05.2024 11:27:51,Undefined,2024.05.07 - 80 kVp,2024.05.07 - 80 kVp RESULTS,G5,,,MCP (Study),1041.247,3260672,Temperature measured,°C,41,41,41,41,41,41,41,41,41,41,41,41,41,41,41,41,41,41,40.9,40.9,40.9,40.9,41,41.1,41.3,41.6,42,42.6,43.4,44.4,45.5,46.8,48.2,49.7,51.3,52.9,54.5,56,57.4,58.8,60,61.2,62.3,63.3,64.2,65.1,65.9,66.7,67.5,68.3,69,69.9,70.7,71.6,72.5,73.4,74.4,75.5,76.6,77.7,78.9,80.1,81.2,82.4,83.6,84.8,85.9,87,88.1,89.2,90.2,91.2,92.2,93.2,94.2,95.1,96.1,97,98,99,99.9,100.9,101.9,103,104,105,106.1,107.2,108.2,109.3,110.4,111.5,112.6,113.6,114.7,115.7,116.8,117.8,118.8,119.8,120.8,121.8,122.9,123.9,124.9,125.9,126.9,127.9,128.9,129.9,130.9,132,133,134,135.1,136.1,137.2,138.2,139.2,140.3,141.3,142.3,143.4,144.4,145.4,146.5,147.5,148.5,149.5,150.5,151.5,152.5,153.6,154.6,155.6,156.6,157.6,158.7,159.7,160.7,161.7,162.7,163.8,164.8,165.8,166.8,167.9,168.9,169.9,170.9,172,173,174,175,176,177.1,178.1,179.1,180.1,181.1,182.1,183.2,184.2,185.2,186.2,187.2,188.2,189.3,190.3,191.3,192.3,193.3,194.3,195.4,196.4,197.4,198.4,199.4,200.5,201.5,202.5,203.5,204.5,205.5,206.6,207.6,208.6,209.6,210.6,211.6,212.6,213.6,214.6,215.7,216.7,217.7,218.7,219.7,220.7,221.7,222.8,223.8,224.8,225.8,226.8,227.8,228.8,229.9,230.9,231.9,232.9,233.9,234.9,235.9,236.8,237.7,238.6,239.4,240.2,240.8,241.4,241.9,242.3,242.6,242.9,243.1,243.2,243.2,243.2,243.1,242.9,242.7,242.5,242.3,242,241.7,241.5,241.2,241,240.8,240.6,240.4,240.3,240.2,240.1,240.1,240.1,240.1,240.2,240.3,240.4,240.5,240.6,240.7,240.8,240.9,241,241.1,241.1,241.2,241.2,241.2,241.2,241.2,241.2,241.1,241.1,241,241,240.9,240.9,240.8,240.7,240.7,240.7,240.6,240.6,240.6,240.5,240.5,240.5,240.5,240.6,240.6,240.6,240.6,240.6,240.6,240.7,240.7,240.7,240.7,240.7,240.7,240.7,240.7,240.7,240.7,240.7,240.7,240.7,240.7,240.7,240.7,240.6,240.6,240.6,240.6,240.6,240.6,240.6,240.5,240.5,240.5,240.5,,,,,
17.05.2024 11:26:30,17.05.2024 11:27:51,Undefined,2024.05.07 - 80 kVp,2024.05.07 - 80 kVp RESULTS,G5,,,MCP (Study),1041.247,3260672,Temperature setpoint,°C,25,25.5,26.5,27.5,28.5,29.5,30.5,31.5,32.5,33.5,34.5,35.5,36.5,37.5,38.5,39.5,40.5,41.5,42.5,43.5,44.5,45.5,46.5,47.5,48.5,49.5,50.5,51.5,52.5,53.5,54.5,55.5,56.5,57.5,58.5,59.5,60.5,61.5,62.5,63.5,64.5,65.5,66.5,67.5,68.5,69.5,70.5,71.5,72.5,73.5,74.5,75.5,76.5,77.5,78.5,79.5,80.5,81.5,82.5,83.5,84.5,85.5,86.5,87.5,88.5,89.5,90.5,91.5,92.5,93.5,94.5,95.5,96.5,97.5,98.5,99.5,100.5,101.5,102.5,103.5,104.5,105.5,106.5,107.5,108.5,109.5,110.5,111.5,112.5,113.5,114.5,115.5,116.5,117.5,118.5,119.5,120.5,121.5,122.5,123.5,124.5,125.5,126.5,127.5,128.5,129.5,130.5,131.5,132.5,133.5,134.5,135.5,136.5,137.5,138.5,139.5,140.5,141.5,142.5,143.5,144.5,145.5,146.5,147.5,148.5,149.5,150.5,151.5,152.5,153.5,154.5,155.5,156.5,157.5,158.5,159.5,160.5,161.5,162.5,163.5,164.5,165.5,166.5,167.5,168.5,169.5,170.5,171.5,172.5,173.5,174.5,175.5,176.5,177.5,178.5,179.5,180.5,181.5,182.5,183.5,184.5,185.5,186.5,187.5,188.5,189.5,190.5,191.5,192.5,193.5,194.5,195.5,196.5,197.5,198.5,199.5,200.5,201.5,202.5,203.5,204.5,205.5,206.5,207.5,208.5,209.5,210.5,211.5,212.5,213.5,214.5,215.5,216.5,217.5,218.5,219.5,220.5,221.5,222.5,223.5,224.5,225.5,226.5,227.5,228.5,229.5,230.5,231.5,232.5,233.5,234.5,235.5,236.5,237.5,238.5,239.5,240,240,240,240,240,240,240,240,240,240,240,240,240,240,240,240,240,240,240,240,240,240,240,240,240,240,240,240,240,240,240,240,240,240,240,240,240,240,240,240,240,240,240,240,240,240,240,240,240,240,240,240,240,240,240,240,240,240,240,240,240,240,240,240,240,240,240,240,240,240,240,240,240,240,240,240,240,240,240,240,240,240,240,240,240,240,240,240,240,240,240,240,240,240,240,240,240,240,240,,,,,
17.05.2024 11:28:26,17.05.2024 11:29:48,Undefined,2024.05.07 - 80 kVp,2024.05.07 - 80 kVp RESULTS,G6,,,MCP (Study),2625.845,9005789,Counts measured,,10,10,10,13,16,14,10,6,4,3,4,4,5,6,9,13,17,21,23,21,19,19,22,24,26,28,30,32,31,30,32,37,38,35,32,32,34,36,38,38,36,32,27,23,20,17,15,16,17,17,16,15,14,11,8,6,6,6,6,9,14,19,23,23,21,20,22,26,29,29,27,25,26,29,32,34,34,34,35,35,37,43,49,46,36,28,30,35,36,34,33,36,43,51,52,49,50,59,72,83,87,83,79,81,90,103,111,110,108,117,140,169,193,210,227,258,298,330,352,378,420,464,497,539,619,732,836,916,1003,1108,1226,1362,1512,1670,1846,2042,2240,2436,2662,2939,3257,3607,3982,4382,4819,5277,5734,6211,6767,7428,8178,8972,9796,10706,11728,12798,13896,15068,16345,17706,19159,20759,22525,24394,26318,28392,30673,33059,35483,38036,40776,43645,46576,49519,52412,55362,58635,62246,65833,69067,71983,74824,77788,80811,83729,86520,89220,91727,93967,95970,97674,98974,99981,100902,101818,102768,103780,104897,106191,107849,110073,112921,116326,120381,125361,131349,138240,145920,154176,162698,171328,180169,189035,197218,204090,209392,213059,215037,215241,213483,209517,203247,194997,185361,174744,163314,151251,138805,126374,114387,103101,92678,83187,74584,66751,59569,52997,47092,41894,37374,33397,29777,26498,23685,21318,19210,17306,15700,14363,13112,11867,10766,9930,9298,8715,8097,7466,6892,6413,6006,5624,5275,4985,4754,4571,4405,4224,4015,3808,3656,3570,3513,3441,3345,3240,3145,3068,2985,2899,2841,2821,2807,2783,2755,2709,2640,2564,2500,2458,2423,2378,2322,2269,2229,2201,2179,2163,2138,2096,2064,2066,2075,2040,1964,1908,1905,1912,1889,1848,1814,1792,1785,1795,1809,1810,1808,1811,1810,1808,1811
17.05.2024 11:28:26,17.05.2024 11:29:48,Undefined,2024.05.07 - 80 kVp,2024.05.07 - 80 kVp RESULTS,G6,,,MCP (Study),2625.845,9005789,Temperature measured,°C,41.1,41.1,41.1,41.2,41.2,41.2,41.2,41.2,41.2,41.2,41.2,41.2,41.2,41.2,41.2,41.1,41.1,41.1,41.1,41.1,41.1,41.1,41.1,41.2,41.4,41.7,42.1,42.7,43.4,44.4,45.5,46.8,48.2,49.7,51.2,52.8,54.4,55.9,57.4,58.7,60,61.2,62.3,63.3,64.2,65.1,65.9,66.7,67.5,68.3,69.1,69.9,70.7,71.6,72.5,73.4,74.4,75.5,76.6,77.7,78.9,80,81.2,82.4,83.6,84.7,85.9,87,88.1,89.2,90.2,91.2,92.2,93.2,94.2,95.1,96.1,97,98,99,99.9,100.9,101.9,103,104,105,106.1,107.2,108.2,109.3,110.4,111.5,112.5,113.6,114.7,115.7,116.8,117.8,118.8,119.8,120.8,121.8,122.8,123.9,124.9,125.9,126.9,127.9,128.9,129.9,130.9,132,133,134,135.1,136.1,137.1,138.2,139.2,140.3,141.3,142.3,143.4,144.4,145.4,146.4,147.5,148.5,149.5,150.5,151.5,152.5,153.6,154.6,155.6,156.6,157.6,158.6,159.7,160.7,161.7,162.7,163.8,164.8,165.8,166.8,167.9,168.9,169.9,170.9,172,173,174,175,176,177.1,178.1,179.1,180.1,181.1,182.1,183.1,184.2,185.2,186.2,187.2,188.2,189.2,190.3,191.3,192.3,193.3,194.3,195.4,196.4,197.4,198.4,199.4,200.4,201.5,202.5,203.5,204.5,205.5,206.5,207.5,208.6,209.6,210.6,211.6,212.6,213.6,214.6,215.7,216.7,217.7,218.7,219.7,220.7,221.7,222.8,223.8,224.8,225.8,226.8,227.8,228.8,229.9,230.9,231.9,232.9,233.9,234.9,235.9,236.8,237.7,238.6,239.4,240.1,240.8,241.4,241.9,242.3,242.6,242.9,243.1,243.2,243.2,243.1,243.1,242.9,242.7,242.5,242.3,242,241.7,241.5,241.2,241,240.8,240.6,240.4,240.3,240.2,240.1,240.1,240.1,240.1,240.2,240.3,240.4,240.5,240.6,240.7,240.8,240.9,241,241.1,241.1,241.2,241.2,241.2,241.2,241.2,241.2,241.1,241.1,241,241,240.9,240.9,240.8,240.7,240.7,240.7,240.6,240.6,240.6,240.5,240.5,240.5,240.5,240.6,240.6,240.6,240.6,240.6,240.6,240.7,240.7,240.7,240.7,240.7,240.7,240.7,240.7,240.7,240.7,240.7,240.7,240.7,240.7,240.7,240.6,240.6,240.6,240.6,240.6,240.6,240.6,240.6,240.5,240.5,240.5,240.5,,,,,
17.05.2024 11:28:26,17.05.2024 11:29:48,Undefined,2024.05.07 - 80 kVp,2024.05.07 - 80 kVp RESULTS,G6,,,MCP (Study),2625.845,9005789,Temperature setpoint,°C,25,25.5,26.5,27.5,28.5,29.5,30.5,31.5,32.5,33.5,34.5,35.5,36.5,37.5,38.5,39.5,40.5,41.5,42.5,43.5,44.5,45.5,46.5,47.5,48.5,49.5,50.5,51.5,52.5,53.5,54.5,55.5,56.5,57.5,58.5,59.5,60.5,61.5,62.5,63.5,64.5,65.5,66.5,67.5,68.5,69.5,70.5,71.5,72.5,73.5,74.5,75.5,76.5,77.5,78.5,79.5,80.5,81.5,82.5,83.5,84.5,85.5,86.5,87.5,88.5,89.5,90.5,91.5,92.5,93.5,94.5,95.5,96.5,97.5,98.5,99.5,100.5,101.5,102.5,103.5,104.5,105.5,106.5,107.5,108.5,109.5,110.5,111.5,112.5,113.5,114.5,115.5,116.5,117.5,118.5,119.5,120.5,121.5,122.5,123.5,124.5,125.5,126.5,127.5,128.5,129.5,130.5,131.5,132.5,133.5,134.5,135.5,136.5,137.5,138.5,139.5,140.5,141.5,142.5,143.5,144.5,145.5,146.5,147.5,148.5,149.5,150.5,151.5,152.5,153.5,154.5,155.5,156.5,157.5,158.5,159.5,160.5,161.5,162.5,163.5,164.5,165.5,166.5,167.5,168.5,169.5,170.5,171.5,172.5,173.5,174.5,175.5,176.5,177.5,178.5,179.5,180.5,181.5,182.5,183.5,184.5,185.5,186.5,187.5,188.5,189.5,190.5,191.5,192.5,193.5,194.5,195.5,196.5,197.5,198.5,199.5,200.5,201.5,202.5,203.5,204.5,205.5,206.5,207.5,208.5,209.5,210.5,211.5,212.5,213.5,214.5,215.5,216.5,217.5,218.5,219.5,220.5,221.5,222.5,223.5,224.5,225.5,226.5,227.5,228.5,229.5,230.5,231.5,232.5,233.5,234.5,235.5,236.5,237.5,238.5,239.5,240,240,240,240,240,240,240,240,240,240,240,240,240,240,240,240,240,240,240,240,240,240,240,240,240,240,240,240,240,240,240,240,240,240,240,240,240,240,240,240,240,240,240,240,240,240,240,240,240,240,240,240,240,240,240,240,240,240,240,240,240,240,240,240,240,240,240,240,240,240,240,240,240,240,240,240,240,240,240,240,240,240,240,240,240,240,240,240,240,240,240,240,240,240,240,240,240,240,240,,,,,
17.05.2024 11:30:32,17.05.2024 11:31:55,Undefined,2024.05.07 - 80 kVp,2024.05.07 - 80 kVp RESULTS,G7,25,514,MCP (Study),5360.862,16205970,Counts measured,,16,16,16,16,16,16,16,18,23,27,30,31,29,24,19,14,13,15,18,20,21,22,23,23,22,20,18,17,18,19,21,24,24,23,22,23,26,29,30,29,28,27,26,25,23,22,22,22,22,22,23,25,26,28,30,30,30,32,33,32,32,31,29,24,20,19,22,27,31,32,33,36,37,37,34,31,30,30,29,30,34,37,36,32,33,37,41,45,52,61,69,74,76,79,83,92,105,112,112,112,125,147,169,183,193,203,214,231,253,273,292,330,385,430,449,458,483,532,603,686,768,847,936,1045,1169,1301,1440,1585,1743,1921,2132,2382,2654,2916,3164,3438,3785,4212,4693,5203,5718,6248,6833,7528,8300,9080,9876,10789,11886,13134,14487,15901,17316,18714,20197,21949,24083,26493,28958,31437,34073,36914,39883,42991,46372,50116,54107,58141,62265,66691,71481,76503,81735,87272,92979,98603,104092,109641,115401,121382,127382,133193,138773,144148,149258,154064,158598,162793,166627,170204,173577,176651,179210,181204,182954,184858,186978,189280,192079,195777,200552,206401,213377,221547,231025,242077,254939,269547,285469,302208,319459,336802,353361,368185,380659,390354,396767,399597,398681,393587,384132,370781,354278,335306,314756,293367,271295,248438,225113,202342,181254,162307,145146,129242,114497,101199,89513,79176,69876,61696,54843,49088,43921,39163,34955,31330,28156,25360,22949,20905,19119,17494,16033,14731,13529,12435,11533,10816,10177,9535,8931,8443,8055,7668,7243,6861,6573,6345,6150,5991,5851,5718,5589,5454,5311,5182,5067,4947,4826,4706,4596,4544,4581,4621,4558,4423,4329,4285,4208,4087,4003,3973,3933,3849,3750,3676,3646,3643,3620,3562,3512,3496,3473,3408,3338,3293,3244,3190,3168,3172,3159,3122,3094,3082,3078,3078,3080,3078,3078,3080
17.05.2024 11:30:32,17.05.2024 11:31:55,Undefined,2024.05.07 - 80 kVp,2024.05.07 - 80 kVp RESULTS,G7,25,514,MCP (Study),5360.862,16205970,Temperature measured,°C,39.8,39.8,39.8,39.8,39.8,39.8,39.8,39.8,39.8,39.8,39.8,39.8,39.8,39.8,39.8,39.8,39.8,39.8,39.8,39.7,39.8,39.8,40,40.2,40.5,41,41.7,42.5,43.5,44.7,46,47.4,49,50.5,52.1,53.7,55.2,56.6,57.9,59.2,60.3,61.4,62.4,63.3,64.2,65,65.8,66.5,67.3,68.1,68.9,69.8,70.6,71.6,72.5,73.6,74.6,75.7,76.9,78,79.2,80.4,81.6,82.7,83.9,85,86.1,87.2,88.3,89.3,90.3,91.3,92.3,93.2,94.2,95.2,96.1,97.1,98.1,99,100,101,102.1,103.1,104.2,105.2,106.3,107.4,108.4,109.5,110.6,111.7,112.7,113.8,114.8,115.9,116.9,117.9,118.9,119.9,120.9,121.9,122.9,124,125,126,127,128,129,130,131.1,132.1,133.1,134.2,135.2,136.2,137.3,138.3,139.4,140.4,141.4,142.5,143.5,144.5,145.5,146.6,147.6,148.6,149.6,150.6,151.6,152.6,153.7,154.7,155.7,156.7,157.7,158.8,159.8,160.8,161.8,162.9,163.9,164.9,165.9,167,168,169,170,171.1,172.1,173.1,174.1,175.1,176.1,177.2,178.2,179.2,180.2,181.2,182.2,183.3,184.3,185.3,186.3,187.3,188.3,189.4,190.4,191.4,192.4,193.4,194.5,195.5,196.5,197.5,198.5,199.5,200.6,201.6,202.6,203.6,204.6,205.6,206.6,207.7,208.7,209.7,210.7,211.7,212.7,213.7,214.7,215.8,216.8,217.8,218.8,219.8,220.8,221.8,222.9,223.9,224.9,225.9,226.9,227.9,228.9,230,231,232,233,234,235,236,236.9,237.8,238.7,239.5,240.2,240.9,241.5,242,242.4,242.7,242.9,243.1,243.2,243.2,243.2,243.1,243,242.8,242.5,242.3,242,241.8,241.5,241.3,241,240.8,240.6,240.4,240.3,240.2,240.1,240.1,240.1,240.1,240.2,240.3,240.4,240.5,240.6,240.7,240.8,240.9,241,241.1,241.1,241.2,241.2,241.2,241.2,241.2,241.2,241.2,241.1,241.1,241,240.9,240.9,240.8,240.8,240.7,240.7,240.6,240.6,240.6,240.6,240.5,240.5,240.5,240.6,240.6,240.6,240.6,240.6,240.6,240.7,240.7,240.7,240.7,240.7,240.7,240.7,240.7,240.7,240.7,240.7,240.7,240.7,240.7,240.7,240.7,240.6,240.6,240.6,240.6,240.6,240.6,240.6,240.6,240.5,240.5,240.5,,,,,
17.05.2024 11:30:32,17.05.2024 11:31:55,Undefined,2024.05.07 - 80 kVp,2024.05.07 - 80 kVp RESULTS,G7,25,514,MCP (Study),5360.862,16205970,Temperature setpoint,°C,25.1,25.6,26.6,27.6,28.6,29.6,30.6,31.6,32.6,33.6,34.6,35.6,36.6,37.6,38.6,39.6,40.6,41.6,42.6,43.6,44.6,45.6,46.6,47.6,48.6,49.6,50.6,51.6,52.6,53.6,54.6,55.6,56.6,57.6,58.6,59.6,60.6,61.6,62.6,63.6,64.6,65.6,66.6,67.6,68.6,69.6,70.6,71.6,72.6,73.6,74.6,75.6,76.6,77.6,78.6,79.6,80.6,81.6,82.6,83.6,84.6,85.6,86.6,87.6,88.6,89.6,90.6,91.6,92.6,93.6,94.6,95.6,96.6,97.6,98.6,99.6,100.6,101.6,102.6,103.6,104.6,105.6,106.6,107.6,108.6,109.6,110.6,111.6,112.6,113.6,114.6,115.6,116.6,117.6,118.6,119.6,120.6,121.6,122.6,123.6,124.6,125.6,126.6,127.6,128.6,129.6,130.6,131.6,132.6,133.6,134.6,135.6,136.6,137.6,138.6,139.6,140.6,141.6,142.6,143.6,144.6,145.6,146.6,147.6,148.6,149.6,150.6,151.6,152.6,153.6,154.6,155.6,156.6,157.6,158.6,159.6,160.6,161.6,162.6,163.6,164.6,165.6,166.6,167.6,168.6,169.6,170.6,171.6,172.6,173.6,174.6,175.6,176.6,177.6,178.6,179.6,180.6,181.6,182.6,183.6,184.6,185.6,186.6,187.6,188.6,189.6,190.6,191.6,192.6,193.6,194.6,195.6,196.6,197.6,198.6,199.6,200.6,201.6,202.6,203.6,204.6,205.6,206.6,207.6,208.6,209.6,210.6,211.6,212.6,213.6,214.6,215.6,216.6,217.6,218.6,219.6,220.6,221.6,222.6,223.6,224.6,225.6,226.6,227.6,228.6,229.6,230.6,231.6,232.6,233.6,234.6,235.6,236.6,237.6,238.6,239.5,240,240,240,240,240,240,240,240,240,240,240,240,240,240,240,240,240,240,240,240,240,240,240,240,240,240,240,240,240,240,240,240,240,240,240,240,240,240,240,240,240,240,240,240,240,240,240,240,240,240,240,240,240,240,240,240,240,240,240,240,240,240,240,240,240,240,240,240,240,240,240,240,240,240,240,240,240,240,240,240,240,240,240,240,240,240,240,240,240,240,240,240,240,240,240,240,240,240,240,,,,,
17.05.2024 11:33:03,17.05.2024 11:34:25,Undefined,2024.05.07 - 80 kVp,2024.05.07 - 80 kVp RESULTS,H3,,,MCP (Study),244.33,779243,Counts measured,,21,21,21,19,14,10,9,9,9,7,6,7,13,23,29,27,20,18,20,23,24,25,26,26,25,24,22,21,22,25,26,27,26,23,20,17,14,14,14,15,15,15,14,14,13,14,15,15,15,17,19,20,18,17,18,19,20,20,19,19,21,22,23,24,23,23,23,24,25,25,25,25,25,27,30,30,30,32,37,38,35,30,26,22,21,24,29,33,33,28,21,19,23,29,34,35,33,32,31,33,35,35,34,32,31,32,31,30,31,34,36,34,32,33,39,49,60,69,75,78,81,84,90,99,108,109,111,123,142,152,154,165,189,214,235,256,281,303,324,351,379,398,414,444,490,538,581,632,697,768,836,905,994,1103,1220,1331,1424,1502,1605,1774,1967,2112,2222,2385,2618,2857,3052,3231,3435,3672,3938,4231,4494,4672,4805,5002,5309,5670,6011,6297,6533,6759,7023,7327,7619,7869,8062,8163,8186,8231,8344,8447,8495,8553,8677,8853,9040,9195,9315,9514,9903,10427,10964,11510,12149,12875,13559,14141,14746,15536,16515,17512,18365,19039,19535,19781,19686,19316,18846,18362,17732,16796,15644,14457,13279,12102,10957,9839,8759,7784,6930,6147,5411,4732,4133,3619,3161,2736,2372,2098,1892,1706,1510,1308,1135,1021,943,872,808,757,709,651,592,550,528,508,481,452,426,405,392,395,399,377,334,303,303,318,326,318,306,297,281,259,246,245,243,240,239,247,261,270,269,261,250,236,227,225,228,233,243,251,246,231,218,216,221,220,212,206,205,207,207,205,204,202,196,188,184,183,179,170,165,168,171,170,170,171,170,170
17.05.2024 11:33:03,17.05.2024 11:34:25,Undefined,2024.05.07 - 80 kVp,2024.05.07 - 80 kVp RESULTS,H3,,,MCP (Study),244.33,779243,Temperature measured,°C,37,37,37,37,37,37,37,37,37,37,37,37,37,37,37,37,37,37,37.1,37.2,37.4,37.7,38.1,38.7,39.5,40.4,41.6,42.8,44.2,45.7,47.3,48.9,50.4,51.9,53.4,54.7,56,57.2,58.3,59.3,60.2,61.1,61.9,62.8,63.5,64.3,65.1,65.9,66.8,67.6,68.5,69.5,70.5,71.6,72.6,73.8,74.9,76.1,77.3,78.4,79.6,80.8,81.9,83,84.1,85.2,86.2,87.2,88.2,89.2,90.2,91.1,92.1,93.1,94,95,96,97,98,99,100,101.1,102.1,103.2,104.3,105.3,106.4,107.5,108.6,109.6,110.7,111.7,112.8,113.8,114.8,115.8,116.9,117.9,118.9,119.9,120.9,121.9,122.9,123.9,124.9,125.9,127,128,129,130,131.1,132.1,133.2,134.2,135.2,136.3,137.3,138.3,139.4,140.4,141.4,142.5,143.5,144.5,145.5,146.5,147.5,148.6,149.6,150.6,151.6,152.6,153.6,154.7,155.7,156.7,157.7,158.8,159.8,160.8,161.8,162.9,163.9,164.9,165.9,167,168,169,170,171,172,173.1,174.1,175.1,176.1,177.1,178.1,179.2,180.2,181.2,182.2,183.2,184.2,185.3,186.3,187.3,188.3,189.3,190.3,191.4,192.4,193.4,194.4,195.4,196.5,197.5,198.5,199.5,200.5,201.5,202.5,203.6,204.6,205.6,206.6,207.6,208.6,209.6,210.7,211.7,212.7,213.7,214.7,215.7,216.7,217.7,218.8,219.8,220.8,221.8,222.8,223.8,224.8,225.9,226.9,227.9,228.9,229.9,230.9,231.9,232.9,233.9,234.9,235.9,236.9,237.8,238.7,239.5,240.2,240.9,241.5,242,242.4,242.7,243,243.2,243.3,243.3,243.3,243.2,243,242.8,242.6,242.4,242.1,241.9,241.6,241.3,241.1,240.9,240.7,240.5,240.3,240.2,240.2,240.1,240.1,240.1,240.2,240.3,240.3,240.5,240.6,240.7,240.8,240.9,241,241.1,241.2,241.2,241.2,241.3,241.3,241.3,241.2,241.2,241.1,241.1,241,241,240.9,240.9,240.8,240.8,240.7,240.7,240.6,240.6,240.6,240.6,240.6,240.6,240.6,240.6,240.6,240.6,240.6,240.7,240.7,240.7,240.7,240.7,240.7,240.7,240.7,240.7,240.7,240.7,240.7,240.7,240.7,240.7,240.7,240.7,240.7,240.6,240.6,240.6,240.6,240.6,240.6,240.6,240.6,240.6,240.6,,,,,
17.05.2024 11:33:03,17.05.2024 11:34:25,Undefined,2024.05.07 - 80 kVp,2024.05.07 - 80 kVp RESULTS,H3,,,MCP (Study),244.33,779243,Temperature setpoint,°C,25,25.5,26.5,27.5,28.5,29.5,30.5,31.5,32.5,33.5,34.5,35.5,36.5,37.5,38.5,39.5,40.5,41.5,42.5,43.5,44.5,45.5,46.5,47.5,48.5,49.5,50.5,51.5,52.5,53.5,54.5,55.5,56.5,57.5,58.5,59.5,60.5,61.5,62.5,63.5,64.5,65.5,66.5,67.5,68.5,69.5,70.5,71.5,72.5,73.5,74.5,75.5,76.5,77.5,78.5,79.5,80.5,81.5,82.5,83.5,84.5,85.5,86.5,87.5,88.5,89.5,90.5,91.5,92.5,93.5,94.5,95.5,96.5,97.5,98.5,99.5,100.5,101.5,102.5,103.5,104.5,105.5,106.5,107.5,108.5,109.5,110.5,111.5,112.5,113.5,114.5,115.5,116.5,117.5,118.5,119.5,120.5,121.5,122.5,123.5,124.5,125.5,126.5,127.5,128.5,129.5,130.5,131.5,132.5,133.5,134.5,135.5,136.5,137.5,138.5,139.5,140.5,141.5,142.5,143.5,144.5,145.5,146.5,147.5,148.5,149.5,150.5,151.5,152.5,153.5,154.5,155.5,156.5,157.5,158.5,159.5,160.5,161.5,162.5,163.5,164.5,165.5,166.5,167.5,168.5,169.5,170.5,171.5,172.5,173.5,174.5,175.5,176.5,177.5,178.5,179.5,180.5,181.5,182.5,183.5,184.5,185.5,186.5,187.5,188.5,189.5,190.5,191.5,192.5,193.5,194.5,195.5,196.5,197.5,198.5,199.5,200.5,201.5,202.5,203.5,204.5,205.5,206.5,207.5,208.5,209.5,210.5,211.5,212.5,213.5,214.5,215.5,216.5,217.5,218.5,219.5,220.5,221.5,222.5,223.5,224.5,225.5,226.5,227.5,228.5,229.5,230.5,231.5,232.5,233.5,234.5,235.5,236.5,237.5,238.5,239.5,240,240,240,240,240,240,240,240,240,240,240,240,240,240,240,240,240,240,240,240,240,240,240,240,240,240,240,240,240,240,240,240,240,240,240,240,240,240,240,240,240,240,240,240,240,240,240,240,240,240,240,240,240,240,240,240,240,240,240,240,240,240,240,240,240,240,240,240,240,240,240,240,240,240,240,240,240,240,240,240,240,240,240,240,240,240,240,240,240,240,240,240,240,240,240,240,240,240,240,,,,,
17.05.2024 11:35:45,17.05.2024 11:37:08,Undefined,2024.05.07 - 80 kVp,2024.05.07 - 80 kVp RESULTS,H4,,,MCP (Study),544.113,1722412,Counts measured,,0,0,0,0,0,0,0,0,0,0,0,1,1,1,1,1,1,1,1,1,1,3,3,3,3,5,9,13,16,16,12,7,3,4,8,10,10,9,7,6,7,8,9,8,7,8,9,11,14,16,17,17,19,20,20,20,18,16,13,11,9,7,7,8,9,9,11,13,14,14,15,15,15,14,13,13,14,16,19,21,22,20,19,21,23,23,22,22,24,25,23,21,24,30,34,33,30,29,30,32,34,37,40,40,37,35,38,45,52,57,59,63,71,81,90,99,108,111,110,112,123,138,148,149,150,162,189,225,256,276,293,315,343,368,380,394,441,525,618,695,750,802,865,933,1011,1121,1266,1422,1553,1665,1808,2012,2235,2451,2681,2943,3220,3490,3753,4031,4357,4733,5139,5593,6100,6609,7080,7551,8074,8648,9215,9740,10278,10889,11538,12136,12670,13196,13791,14456,15074,15578,16010,16368,16657,17016,17539,18081,18451,18674,18891,19193,19531,19781,19923,20082,20375,20833,21466,22233,23069,23991,25083,26380,27874,29542,31332,33144,34946,36828,38776,40533,41878,42826,43432,43636,43362,42687,41714,40386,38601,36438,34012,31303,28394,25517,22822,20284,17888,15703,13764,12040,10510,9153,7935,6862,5945,5168,4527,4007,3549,3110,2718,2413,2184,1994,1826,1665,1488,1318,1210,1169,1143,1091,1009,913,833,788,767,745,713,689,680,668,642,622,622,628,627,625,629,620,590,549,517,511,525,524,501,486,493,497,485,472,474,481,474,452,431,419,414,417,421,409,389,382,387,385,371,360,364,373,370,351,331,322,319,323,338,362,376,364,340,326,323,323,323,323,323,323
17.05.2024 11:35:45,17.05.2024 11:37:08,Undefined,2024.05.07 - 80 kVp,2024.05.07 - 80 kVp RESULTS,H4,,,MCP (Study),544.113,1722412,Temperature measured,°C,36,36,36,36,36,36,36,36,36,36,36,36,36,36,36,36,36,36.1,36.2,36.4,36.7,37.2,37.8,38.6,39.5,40.7,41.9,43.4,44.9,46.4,48,49.5,51,52.5,53.8,55.1,56.2,57.3,58.3,59.3,60.2,61,61.8,62.6,63.4,64.2,65,65.8,66.7,67.6,68.6,69.6,70.7,71.7,72.9,74,75.2,76.3,77.5,78.7,79.8,81,82.1,83.2,84.2,85.3,86.3,87.3,88.3,89.3,90.2,91.2,92.2,93.1,94.1,95.1,96.1,97.1,98.1,99.1,100.2,101.2,102.3,103.4,104.4,105.5,106.6,107.6,108.7,109.8,110.8,111.9,112.9,113.9,114.9,115.9,117,118,119,120,121,122,123,124,125,126,127.1,128.1,129.1,130.2,131.2,132.2,133.3,134.3,135.4,136.4,137.4,138.5,139.5,140.5,141.5,142.6,143.6,144.6,145.6,146.6,147.6,148.7,149.7,150.7,151.7,152.7,153.7,154.8,155.8,156.8,157.8,158.9,159.9,160.9,161.9,163,164,165,166,167.1,168.1,169.1,170.1,171.1,172.1,173.2,174.2,175.2,176.2,177.2,178.2,179.3,180.3,181.3,182.3,183.3,184.3,185.4,186.4,187.4,188.4,189.4,190.4,191.5,192.5,193.5,194.5,195.5,196.5,197.6,198.6,199.6,200.6,201.6,202.6,203.7,204.7,205.7,206.7,207.7,208.7,209.7,210.7,211.8,212.8,213.8,214.8,215.8,216.8,217.8,218.8,219.9,220.9,221.9,222.9,223.9,224.9,226,227,228,229,230,231,232,233,234,235,236,237,237.9,238.7,239.5,240.3,240.9,241.5,242,242.4,242.8,243,243.2,243.3,243.3,243.3,243.2,243,242.8,242.6,242.4,242.1,241.9,241.6,241.3,241.1,240.9,240.7,240.5,240.4,240.2,240.2,240.1,240.1,240.1,240.2,240.3,240.4,240.5,240.6,240.7,240.8,240.9,241,241.1,241.1,241.2,241.2,241.3,241.3,241.3,241.2,241.2,241.2,241.1,241,241,240.9,240.9,240.8,240.8,240.7,240.7,240.6,240.6,240.6,240.6,240.6,240.6,240.6,240.6,240.6,240.6,240.6,240.7,240.7,240.7,240.7,240.7,240.7,240.7,240.8,240.8,240.8,240.8,240.7,240.7,240.7,240.7,240.7,240.7,240.7,240.6,240.6,240.6,240.6,240.6,240.6,240.6,240.6,240.6,240.5,,,,,
17.05.2024 11:35:45,17.05.2024 11:37:08,Undefined,2024.05.07 - 80 kVp,2024.05.07 - 80 kVp RESULTS,H4,,,MCP (Study),544.113,1722412,Temperature setpoint,°C,25.1,25.6,26.6,27.6,28.6,29.6,30.6,31.6,32.6,33.6,34.6,35.6,36.6,37.6,38.6,39.6,40.6,41.6,42.6,43.6,44.6,45.6,46.6,47.6,48.6,49.6,50.6,51.6,52.6,53.6,54.6,55.6,56.6,57.6,58.6,59.6,60.6,61.6,62.6,63.6,64.6,65.6,66.6,67.6,68.6,69.6,70.6,71.6,72.6,73.6,74.6,75.6,76.6,77.6,78.6,79.6,80.6,81.6,82.6,83.6,84.6,85.6,86.6,87.6,88.6,89.6,90.6,91.6,92.6,93.6,94.6,95.6,96.6,97.6,98.6,99.6,100.6,101.6,102.6,103.6,104.6,105.6,106.6,107.6,108.6,109.6,110.6,111.6,112.6,113.6,114.6,115.6,116.6,117.6,118.6,119.6,120.6,121.6,122.6,123.6,124.6,125.6,126.6,127.6,128.6,129.6,130.6,131.6,132.6,133.6,134.6,135.6,136.6,137.6,138.6,139.6,140.6,141.6,142.6,143.6,144.6,145.6,146.6,147.6,148.6,149.6,150.6,151.6,152.6,153.6,154.6,155.6,156.6,157.6,158.6,159.6,160.6,161.6,162.6,163.6,164.6,165.6,166.6,167.6,168.6,169.6,170.6,171.6,172.6,173.6,174.6,175.6,176.6,177.6,178.6,179.6,180.6,181.6,182.6,183.6,184.6,185.6,186.6,187.6,188.6,189.6,190.6,191.6,192.6,193.6,194.6,195.6,196.6,197.6,198.6,199.6,200.6,201.6,202.6,203.6,204.6,205.6,206.6,207.6,208.6,209.6,210.6,211.6,212.6,213.6,214.6,215.6,216.6,217.6,218.6,219.6,220.6,221.6,222.6,223.6,224.6,225.6,226.6,227.6,228.6,229.6,230.6,231.6,232.6,233.6,234.6,235.6,236.6,237.6,238.6,239.5,240,240,240,240,240,240,240,240,240,240,240,240,240,240,240,240,240,240,240,240,240,240,240,240,240,240,240,240,240,240,240,240,240,240,240,240,240,240,240,240,240,240,240,240,240,240,240,240,240,240,240,240,240,240,240,240,240,240,240,240,240,240,240,240,240,240,240,240,240,240,240,240,240,240,240,240,240,240,240,240,240,240,240,240,240,240,240,240,240,240,240,240,240,240,240,240,240,240,240,,,,,
17.05.2024 11:38:04,17.05.2024 11:39:26,Undefined,2024.05.07 - 80 kVp,2024.05.07 - 80 kVp RESULTS,H5,,,MCP (Study),1000.338,3157772,Counts measured,,20,20,20,20,19,19,19,19,21,21,19,14,10,8,6,5,4,5,8,12,16,21,24,26,28,26,23,19,17,17,18,20,24,26,25,23,25,27,27,22,18,17,19,20,21,20,17,15,16,18,20,22,23,23,23,24,26,27,28,26,22,18,19,21,23,22,20,19,20,22,22,22,22,22,22,24,28,32,34,32,29,28,28,32,38,42,40,36,32,30,28,26,26,28,32,37,39,37,35,37,42,48,49,47,48,50,53,58,67,79,89,95,100,106,110,112,121,136,153,169,186,214,251,285,310,328,347,380,430,485,532,575,629,695,771,854,938,1019,1094,1174,1271,1392,1537,1724,1950,2167,2341,2526,2783,3087,3390,3694,4002,4285,4579,4948,5379,5827,6317,6888,7504,8129,8781,9484,10222,10993,11828,12741,13672,14581,15521,16512,17526,18571,19710,20893,21968,22930,23923,25038,26185,27208,28107,29063,30117,31070,31788,32343,32821,33203,33500,33772,34100,34504,34915,35330,35853,36532,37371,38414,39642,41048,42644,44468,46677,49436,52602,55821,58940,62013,65161,68420,71566,74209,76125,77383,78034,77954,77017,75209,72549,69047,64912,60580,56302,51918,47321,42738,38398,34380,30746,27444,24346,21467,18899,16630,14616,12906,11512,10329,9251,8260,7375,6600,5952,5395,4863,4361,3960,3671,3429,3182,2933,2723,2575,2478,2402,2308,2173,2030,1918,1835,1756,1669,1584,1515,1462,1419,1377,1333,1298,1286,1277,1250,1217,1198,1192,1160,1096,1044,1038,1057,1063,1045,1007,961,925,910,913,914,895,880,901,940,944,913,886,876,866,849,833,815,794,777,767,762,759,746,723,709,712,708,687,667,663,663,662,663,663,662
17.05.2024 11:38:04,17.05.2024 11:39:26,Undefined,2024.05.07 - 80 kVp,2024.05.07 - 80 kVp RESULTS,H5,,,MCP (Study),1000.338,3157772,Temperature measured,°C,38.2,38.2,38.2,38.2,38.2,38.2,38.2,38.2,38.2,38.2,38.2,38.2,38.2,38.2,38.2,38.2,38.2,38.2,38.2,38.2,38.3,38.5,38.8,39.2,39.8,40.6,41.5,42.6,43.8,45.2,46.7,48.3,49.9,51.4,52.9,54.4,55.7,57,58.2,59.3,60.3,61.3,62.2,63,63.8,64.6,65.4,66.2,67,67.8,68.7,69.6,70.5,71.5,72.6,73.7,74.8,75.9,77.1,78.3,79.5,80.6,81.8,82.9,84.1,85.1,86.2,87.3,88.3,89.3,90.2,91.2,92.2,93.1,94.1,95.1,96,97,98,99,100,101.1,102.1,103.2,104.2,105.3,106.4,107.5,108.5,109.6,110.7,111.7,112.8,113.8,114.8,115.9,116.9,117.9,118.9,119.9,120.9,121.9,122.9,123.9,124.9,126,127,128,129,130.1,131.1,132.1,133.2,134.2,135.2,136.3,137.3,138.4,139.4,140.4,141.5,142.5,143.5,144.5,145.5,146.6,147.6,148.6,149.6,150.6,151.6,152.6,153.7,154.7,155.7,156.7,157.7,158.8,159.8,160.8,161.8,162.9,163.9,164.9,165.9,167,168,169,170,171,172.1,173.1,174.1,175.1,176.1,177.2,178.2,179.2,180.2,181.2,182.2,183.2,184.3,185.3,186.3,187.3,188.3,189.3,190.4,191.4,192.4,193.4,194.4,195.5,196.5,197.5,198.5,199.5,200.5,201.6,202.6,203.6,204.6,205.6,206.6,207.6,208.7,209.7,210.7,211.7,212.7,213.7,214.7,215.7,216.8,217.8,218.8,219.8,220.8,221.8,222.8,223.9,224.9,225.9,226.9,227.9,228.9,229.9,230.9,232,233,234,235,235.9,236.9,237.8,238.7,239.5,240.2,240.9,241.4,241.9,242.4,242.7,242.9,243.1,243.2,243.2,243.2,243.1,242.9,242.7,242.5,242.3,242,241.8,241.5,241.2,241,240.8,240.6,240.4,240.3,240.2,240.1,240.1,240.1,240.1,240.2,240.3,240.4,240.5,240.6,240.7,240.8,240.9,241,241.1,241.2,241.2,241.2,241.3,241.2,241.2,241.2,241.2,241.1,241.1,241,240.9,240.9,240.8,240.8,240.7,240.7,240.6,240.6,240.6,240.6,240.6,240.6,240.6,240.6,240.6,240.6,240.6,240.6,240.7,240.7,240.7,240.7,240.7,240.7,240.7,240.8,240.8,240.7,240.7,240.7,240.7,240.7,240.7,240.7,240.7,240.6,240.6,240.6,240.6,240.6,240.6,240.6,240.6,240.6,240.6,240.5,,,,,
17.05.2024 11:38:04,17.05.2024 11:39:26,Undefined,2024.05.07 - 80 kVp,2024.05.07 - 80 kVp RESULTS,H5,,,MCP (Study),1000.338,3157772,Temperature setpoint,°C,25.1,25.6,26.6,27.6,28.6,29.6,30.6,31.6,32.6,33.6,34.6,35.6,36.6,37.6,38.6,39.6,40.6,41.6,42.6,43.6,44.6,45.6,46.6,47.6,48.6,49.6,50.6,51.6,52.6,53.6,54.6,55.6,56.6,57.6,58.6,59.6,60.6,61.6,62.6,63.6,64.6,65.6,66.6,67.6,68.6,69.6,70.6,71.6,72.6,73.6,74.6,75.6,76.6,77.6,78.6,79.6,80.6,81.6,82.6,83.6,84.6,85.6,86.6,87.6,88.6,89.6,90.6,91.6,92.6,93.6,94.6,95.6,96.6,97.6,98.6,99.6,100.6,101.6,102.6,103.6,104.6,105.6,106.6,107.6,108.6,109.6,110.6,111.6,112.6,113.6,114.6,115.6,116.6,117.6,118.6,119.6,120.6,121.6,122.6,123.6,124.6,125.6,126.6,127.6,128.6,129.6,130.6,131.6,132.6,133.6,134.6,135.6,136.6,137.6,138.6,139.6,140.6,141.6,142.6,143.6,144.6,145.6,146.6,147.6,148.6,149.6,150.6,151.6,152.6,153.6,154.6,155.6,156.6,157.6,158.6,159.6,160.6,161.6,162.6,163.6,164.6,165.6,166.6,167.6,168.6,169.6,170.6,171.6,172.6,173.6,174.6,175.6,176.6,177.6,178.6,179.6,180.6,181.6,182.6,183.6,184.6,185.6,186.6,187.6,188.6,189.6,190.6,191.6,192.6,193.6,194.6,195.6,196.6,197.6,198.6,199.6,200.6,201.6,202.6,203.6,204.6,205.6,206.6,207.6,208.6,209.6,210.6,211.6,212.6,213.6,214.6,215.6,216.6,217.6,218.6,219.6,220.6,221.6,222.6,223.6,224.6,225.6,226.6,227.6,228.6,229.6,230.6,231.6,232.6,233.6,234.6,235.6,236.6,237.6,238.6,239.5,240,240,240,240,240,240,240,240,240,240,240,240,240,240,240,240,240,240,240,240,240,240,240,240,240,240,240,240,240,240,240,240,240,240,240,240,240,240,240,240,240,240,240,240,240,240,240,240,240,240,240,240,240,240,240,240,240,240,240,240,240,240,240,240,240,240,240,240,240,240,240,240,240,240,240,240,240,240,240,240,240,240,240,240,240,240,240,240,240,240,240,240,240,240,240,240,240,240,240,,,,,
17.05.2024 11:39:47,17.05.2024 11:41:10,Undefined,2024.05.07 - 80 kVp,2024.05.07 - 80 kVp RESULTS,H6,,,MCP (Study),2675.368,8427694,Counts measured,,22,22,22,23,26,27,24,19,15,16,21,25,27,28,29,29,30,29,29,29,30,29,26,24,23,25,28,31,33,33,33,33,32,33,35,36,35,32,30,30,29,28,28,28,28,26,24,25,24,21,20,22,25,25,24,22,23,26,30,32,32,32,33,34,34,32,31,31,32,33,33,35,37,37,35,32,30,28,28,31,35,40,47,54,60,62,59,56,55,59,64,66,62,57,58,66,73,76,74,71,74,82,91,101,115,131,146,162,183,207,230,246,253,253,258,279,316,359,400,438,475,514,551,584,631,712,812,895,965,1060,1195,1327,1426,1534,1694,1893,2102,2320,2554,2814,3110,3433,3777,4162,4598,5069,5577,6142,6730,7284,7831,8470,9261,10179,11165,12188,13242,14359,15574,16867,18171,19508,21023,22772,24694,26748,28913,31132,33408,35768,38179,40597,43053,45641,48417,51346,54335,57338,60311,63194,66021,68877,71704,74291,76581,78719,80791,82767,84531,86090,87617,89124,90344,91137,91801,92664,93830,95223,96780,98578,100826,103789,107561,111980,117044,123086,130118,137662,145459,153687,162382,171148,179465,187049,193669,198934,202439,204032,203890,201954,197704,191107,182952,173879,163900,152952,141305,129398,117681,106532,96196,86742,77992,69745,62115,55274,49148,43678,38944,34888,31306,28101,25277,22786,20547,18511,16705,15166,13854,12697,11651,10701,9831,9064,8455,7988,7554,7080,6596,6159,5779,5465,5213,4986,4760,4535,4329,4165,4045,3931,3792,3643,3514,3406,3311,3251,3222,3186,3118,3034,2961,2907,2873,2854,2842,2814,2755,2689,2647,2625,2599,2556,2508,2466,2428,2403,2396,2391,2366,2306,2230,2175,2154,2143,2121,2094,2069,2042,2013,1990,1967,1925,1877,1852,1848,1846,1846,1848,1846,1846
17.05.2024 11:39:47,17.05.2024 11:41:10,Undefined,2024.05.07 - 80 kVp,2024.05.07 - 80 kVp RESULTS,H6,,,MCP (Study),2675.368,8427694,Temperature measured,°C,44.5,44.5,44.6,44.6,44.6,44.6,44.6,44.6,44.6,44.6,44.6,44.6,44.6,44.6,44.6,44.6,44.5,44.5,44.5,44.5,44.5,44.5,44.4,44.4,44.4,44.4,44.5,44.6,44.9,45.2,45.7,46.4,47.3,48.4,49.6,50.9,52.4,54,55.6,57.1,58.7,60.2,61.6,62.9,64.1,65.3,66.3,67.3,68.2,69,69.8,70.6,71.4,72.2,73,73.8,74.6,75.5,76.4,77.4,78.4,79.5,80.6,81.8,82.9,84.1,85.3,86.5,87.7,88.8,90,91.1,92.1,93.2,94.2,95.2,96.2,97.2,98.2,99.1,100.1,101,102,102.9,103.9,104.9,105.9,107,108,109.1,110.1,111.2,112.3,113.4,114.4,115.5,116.6,117.6,118.7,119.8,120.8,121.8,122.8,123.8,124.9,125.9,126.9,127.9,128.9,129.9,130.9,131.9,132.9,133.9,135,136,137,138.1,139.1,140.1,141.2,142.2,143.3,144.3,145.3,146.4,147.4,148.4,149.4,150.5,151.5,152.5,153.5,154.5,155.6,156.6,157.6,158.6,159.6,160.6,161.6,162.7,163.7,164.7,165.7,166.8,167.8,168.8,169.8,170.9,171.9,172.9,173.9,175,176,177,178,179,180.1,181.1,182.1,183.1,184.1,185.1,186.2,187.2,188.2,189.2,190.2,191.2,192.2,193.3,194.3,195.3,196.3,197.3,198.4,199.4,200.4,201.4,202.4,203.5,204.5,205.5,206.5,207.5,208.5,209.5,210.6,211.6,212.6,213.6,214.6,215.6,216.6,217.6,218.7,219.7,220.7,221.7,222.7,223.7,224.7,225.8,226.8,227.8,228.8,229.8,230.8,231.8,232.9,233.9,234.9,235.8,236.8,237.7,238.6,239.4,240.1,240.8,241.4,241.9,242.3,242.6,242.9,243,243.1,243.2,243.1,243,242.9,242.7,242.5,242.3,242,241.7,241.5,241.2,241,240.7,240.5,240.4,240.2,240.1,240.1,240,240,240.1,240.1,240.2,240.3,240.4,240.5,240.7,240.8,240.9,241,241,241.1,241.2,241.2,241.2,241.2,241.2,241.2,241.1,241.1,241,241,240.9,240.8,240.8,240.7,240.7,240.6,240.6,240.6,240.5,240.5,240.5,240.5,240.5,240.5,240.5,240.6,240.6,240.6,240.6,240.6,240.7,240.7,240.7,240.7,240.7,240.7,240.7,240.7,240.7,240.7,240.7,240.7,240.7,240.6,240.6,240.6,240.6,240.6,240.6,240.6,240.5,240.5,240.5,240.5,240.5,240.5,,,,,
17.05.2024 11:39:47,17.05.2024 11:41:10,Undefined,2024.05.07 - 80 kVp,2024.05.07 - 80 kVp RESULTS,H6,,,MCP (Study),2675.368,8427694,Temperature setpoint,°C,25,25.5,26.5,27.5,28.5,29.5,30.5,31.5,32.5,33.5,34.5,35.5,36.5,37.5,38.5,39.5,40.5,41.5,42.5,43.5,44.5,45.5,46.5,47.5,48.5,49.5,50.5,51.5,52.5,53.5,54.5,55.5,56.5,57.5,58.5,59.5,60.5,61.5,62.5,63.5,64.5,65.5,66.5,67.5,68.5,69.5,70.5,71.5,72.5,73.5,74.5,75.5,76.5,77.5,78.5,79.5,80.5,81.5,82.5,83.5,84.5,85.5,86.5,87.5,88.5,89.5,90.5,91.5,92.5,93.5,94.5,95.5,96.5,97.5,98.5,99.5,100.5,101.5,102.5,103.5,104.5,105.5,106.5,107.5,108.5,109.5,110.5,111.5,112.5,113.5,114.5,115.5,116.5,117.5,118.5,119.5,120.5,121.5,122.5,123.5,124.5,125.5,126.5,127.5,128.5,129.5,130.5,131.5,132.5,133.5,134.5,135.5,136.5,137.5,138.5,139.5,140.5,141.5,142.5,143.5,144.5,145.5,146.5,147.5,148.5,149.5,150.5,151.5,152.5,153.5,154.5,155.5,156.5,157.5,158.5,159.5,160.5,161.5,162.5,163.5,164.5,165.5,166.5,167.5,168.5,169.5,170.5,171.5,172.5,173.5,174.5,175.5,176.5,177.5,178.5,179.5,180.5,181.5,182.5,183.5,184.5,185.5,186.5,187.5,188.5,189.5,190.5,191.5,192.5,193.5,194.5,195.5,196.5,197.5,198.5,199.5,200.5,201.5,202.5,203.5,204.5,205.5,206.5,207.5,208.5,209.5,210.5,211.5,212.5,213.5,214.5,215.5,216.5,217.5,218.5,219.5,220.5,221.5,222.5,223.5,224.5,225.5,226.5,227.5,228.5,229.5,230.5,231.5,232.5,233.5,234.5,235.5,236.5,237.5,238.5,239.5,240,240,240,240,240,240,240,240,240,240,240,240,240,240,240,240,240,240,240,240,240,240,240,240,240,240,240,240,240,240,240,240,240,240,240,240,240,240,240,240,240,240,240,240,240,240,240,240,240,240,240,240,240,240,240,240,240,240,240,240,240,240,240,240,240,240,240,240,240,240,240,240,240,240,240,240,240,240,240,240,240,240,240,240,240,240,240,240,240,240,240,240,240,240,240,240,240,240,240,,,,,
17.05.2024 11:41:34,17.05.2024 11:42:58,Undefined,2024.05.07 - 80 kVp,2024.05.07 - 80 kVp RESULTS,H7,,,MCP (Study),5216.249,16421731,Counts measured,,8,8,8,9,9,9,7,6,8,11,11,7,3,1,1,1,2,2,2,4,8,11,12,12,10,8,9,11,15,17,18,19,18,15,12,9,8,9,13,15,15,14,15,16,17,17,18,17,16,17,18,18,19,20,20,19,17,16,16,17,20,24,26,27,29,30,30,32,34,34,32,31,35,42,47,49,50,51,55,57,55,53,54,59,64,70,77,81,83,87,93,93,89,91,106,124,129,121,116,128,153,173,178,178,195,237,288,328,352,372,408,467,524,555,586,654,751,840,904,961,1047,1185,1356,1526,1685,1834,1988,2172,2404,2675,2968,3295,3679,4094,4497,4909,5389,5955,6576,7225,7894,8598,9389,10315,11356,12491,13722,15023,16347,17717,19205,20851,22677,24676,26852,29244,31850,34580,37375,40266,43299,46535,50039,53800,57801,62086,66654,71368,76176,81181,86361,91597,96781,101897,107012,112206,117581,123096,128414,133309,137985,142564,146928,150984,154635,157842,160776,163584,166195,168562,170878,173293,175784,178496,181807,185839,190462,195972,202956,211662,222068,234299,248357,263808,280218,297440,315332,333651,352145,370311,387253,402074,413897,421918,426113,426667,422956,414156,400373,382482,361201,336867,310109,282309,254853,228339,202841,178630,156397,136618,119114,103519,89759,77891,67708,58898,51291,44874,39556,35078,31231,27938,25105,22647,20581,18920,17572,16425,15414,14485,13609,12783,12049,11443,10973,10586,10208,9848,9571,9375,9196,8984,8731,8481,8300,8179,8038,7824,7584,7390,7290,7271,7251,7150,6983,6841,6753,6649,6476,6311,6236,6207,6152,6080,6029,5991,5938,5842,5731,5669,5674,5656,5552,5393,5256,5162,5093,5040,4987,4935,4909,4918,4913,4865,4807,4776,4758,4700,4596,4513,4476,4429,4347,4282,4266,4268,4264,4266,4268,4264
17.05.2024 11:41:34,17.05.2024 11:42:58,Undefined,2024.05.07 - 80 kVp,2024.05.07 - 80 kVp RESULTS,H7,,,MCP (Study),5216.249,16421731,Temperature measured,°C,44.1,44.1,44.1,44.2,44.2,44.2,44.2,44.2,44.2,44.2,44.2,44.2,44.2,44.2,44.1,44.1,44.1,44.1,44.1,44.1,44.1,44,44,44,44,44,44.1,44.3,44.6,45,45.6,46.4,47.3,48.5,49.7,51.1,52.6,54.2,55.8,57.4,58.9,60.3,61.7,63,64.2,65.3,66.3,67.3,68.2,69,69.8,70.6,71.4,72.1,72.9,73.8,74.6,75.5,76.5,77.5,78.5,79.6,80.7,81.9,83,84.2,85.4,86.6,87.7,88.9,90,91.1,92.2,93.2,94.3,95.3,96.3,97.2,98.2,99.1,100.1,101.1,102,103,104,105,106,107,108.1,109.1,110.2,111.3,112.3,113.4,114.5,115.6,116.6,117.7,118.7,119.8,120.8,121.9,122.9,123.9,124.9,125.9,126.9,127.9,128.9,129.9,130.9,131.9,133,134,135,136,137.1,138.1,139.1,140.2,141.2,142.3,143.3,144.3,145.4,146.4,147.4,148.5,149.5,150.5,151.5,152.6,153.6,154.6,155.6,156.6,157.6,158.6,159.7,160.7,161.7,162.7,163.7,164.8,165.8,166.8,167.8,168.9,169.9,170.9,171.9,173,174,175,176,177.1,178.1,179.1,180.1,181.1,182.1,183.2,184.2,185.2,186.2,187.2,188.2,189.2,190.3,191.3,192.3,193.3,194.3,195.3,196.4,197.4,198.4,199.4,200.4,201.5,202.5,203.5,204.5,205.5,206.5,207.6,208.6,209.6,210.6,211.6,212.6,213.6,214.6,215.7,216.7,217.7,218.7,219.7,220.7,221.7,222.8,223.8,224.8,225.8,226.8,227.8,228.8,229.9,230.9,231.9,232.9,233.9,234.9,235.9,236.8,237.7,238.6,239.4,240.2,240.8,241.4,241.9,242.3,242.7,242.9,243.1,243.2,243.2,243.2,243.1,243,242.8,242.6,242.3,242.1,241.8,241.6,241.3,241.1,240.8,240.6,240.4,240.3,240.2,240.1,240.1,240.1,240.1,240.1,240.2,240.3,240.4,240.5,240.6,240.7,240.8,240.9,241,241.1,241.1,241.2,241.2,241.2,241.2,241.2,241.1,241.1,241.1,241,240.9,240.9,240.8,240.8,240.7,240.7,240.6,240.6,240.6,240.5,240.5,240.5,240.5,240.5,240.5,240.6,240.6,240.6,240.6,240.6,240.6,240.7,240.7,240.7,240.7,240.7,240.7,240.7,240.7,240.7,240.7,240.7,240.7,240.7,240.6,240.6,240.6,240.6,240.6,240.6,240.6,240.5,240.5,240.5,240.5,240.5,,,,,
17.05.2024 11:41:34,17.05.2024 11:42:58,Undefined,2024.05.07 - 80 kVp,2024.05.07 - 80 kVp RESULTS,H7,,,MCP (Study),5216.249,16421731,Temperature setpoint,°C,25.1,25.6,26.6,27.6,28.6,29.6,30.6,31.6,32.6,33.6,34.6,35.6,36.6,37.6,38.6,39.6,40.6,41.6,42.6,43.6,44.6,45.6,46.6,47.6,48.6,49.6,50.6,51.6,52.6,53.6,54.6,55.6,56.6,57.6,58.6,59.6,60.6,61.6,62.6,63.6,64.6,65.6,66.6,67.6,68.6,69.6,70.6,71.6,72.6,73.6,74.6,75.6,76.6,77.6,78.6,79.6,80.6,81.6,82.6,83.6,84.6,85.6,86.6,87.6,88.6,89.6,90.6,91.6,92.6,93.6,94.6,95.6,96.6,97.6,98.6,99.6,100.6,101.6,102.6,103.6,104.6,105.6,106.6,107.6,108.6,109.6,110.6,111.6,112.6,113.6,114.6,115.6,116.6,117.6,118.6,119.6,120.6,121.6,122.6,123.6,124.6,125.6,126.6,127.6,128.6,129.6,130.6,131.6,132.6,133.6,134.6,135.6,136.6,137.6,138.6,139.6,140.6,141.6,142.6,143.6,144.6,145.6,146.6,147.6,148.6,149.6,150.6,151.6,152.6,153.6,154.6,155.6,156.6,157.6,158.6,159.6,160.6,161.6,162.6,163.6,164.6,165.6,166.6,167.6,168.6,169.6,170.6,171.6,172.6,173.6,174.6,175.6,176.6,177.6,178.6,179.6,180.6,181.6,182.6,183.6,184.6,185.6,186.6,187.6,188.6,189.6,190.6,191.6,192.6,193.6,194.6,195.6,196.6,197.6,198.6,199.6,200.6,201.6,202.6,203.6,204.6,205.6,206.6,207.6,208.6,209.6,210.6,211.6,212.6,213.6,214.6,215.6,216.6,217.6,218.6,219.6,220.6,221.6,222.6,223.6,224.6,225.6,226.6,227.6,228.6,229.6,230.6,231.6,232.6,233.6,234.6,235.6,236.6,237.6,238.6,239.5,240,240,240,240,240,240,240,240,240,240,240,240,240,240,240,240,240,240,240,240,240,240,240,240,240,240,240,240,240,240,240,240,240,240,240,240,240,240,240,240,240,240,240,240,240,240,240,240,240,240,240,240,240,240,240,240,240,240,240,240,240,240,240,240,240,240,240,240,240,240,240,240,240,240,240,240,240,240,240,240,240,240,240,240,240,240,240,240,240,240,240,240,240,240,240,240,240,240,240,,,,,
17.05.2024 11:43:45,17.05.2024 11:45:08,Undefined,2024.05.07 - 80 kVp,2024.05.07 - 80 kVp RESULTS,I3,,,MCP (Study),236.479,754542,Counts measured,,17,17,17,17,15,15,15,17,20,22,22,19,16,14,11,8,7,8,11,16,19,20,18,14,12,12,14,15,13,10,9,11,14,18,18,16,12,12,14,19,21,22,23,25,26,27,27,27,27,27,27,28,28,26,21,16,15,16,17,16,13,11,11,12,14,16,18,18,16,15,16,18,19,19,18,17,15,14,13,12,12,15,18,19,18,15,14,14,14,15,16,16,16,15,15,15,15,16,17,18,17,18,21,26,30,33,34,32,30,29,30,32,33,33,34,37,41,46,51,56,59,62,64,68,77,87,93,99,114,132,146,154,162,175,196,220,244,263,269,273,294,337,387,433,478,532,586,632,682,749,825,901,977,1048,1107,1177,1279,1412,1569,1732,1872,1991,2127,2293,2470,2651,2818,2963,3114,3310,3570,3868,4163,4441,4700,4939,5174,5398,5594,5810,6099,6402,6627,6765,6864,6985,7155,7329,7482,7654,7846,7982,8053,8149,8296,8461,8662,8932,9263,9656,10122,10599,11046,11583,12327,13213,14049,14744,15371,16055,16831,17572,18186,18726,19195,19468,19486,19255,18749,17975,17013,15951,14859,13755,12580,11337,10129,9037,8034,7083,6208,5441,4776,4185,3649,3175,2779,2462,2201,1973,1759,1553,1368,1219,1113,1028,939,842,756,697,660,625,591,571,555,529,506,495,485,464,437,407,387,389,398,384,350,331,339,358,369,367,355,344,338,335,332,328,321,319,326,332,325,307,287,268,253,248,255,266,271,269,268,277,288,287,271,252,238,230,230,235,244,256,265,259,237,211,204,218,229,223,212,207,207,206,207,207,206,207
17.05.2024 11:43:45,17.05.2024 11:45:08,Undefined,2024.05.07 - 80 kVp,2024.05.07 - 80 kVp RESULTS,I3,,,MCP (Study),236.479,754542,Temperature measured,°C,40.1,40.1,40.1,40.1,40.1,40.1,40.2,40.2,40.2,40.2,40.2,40.2,40.1,40.1,40.1,40.1,40.1,40.1,40.1,40.1,40.1,40.1,40.2,40.4,40.7,41.1,41.7,42.5,43.4,44.5,45.8,47.2,48.7,50.3,51.8,53.4,54.9,56.4,57.7,59,60.2,61.3,62.3,63.3,64.2,65,65.8,66.6,67.4,68.2,69,69.8,70.7,71.6,72.5,73.5,74.6,75.7,76.8,77.9,79.1,80.3,81.4,82.6,83.8,84.9,86,87.1,88.2,89.3,90.3,91.3,92.3,93.3,94.2,95.2,96.1,97.1,98.1,99,100,101,102.1,103.1,104.1,105.2,106.2,107.3,108.4,109.4,110.5,111.6,112.7,113.7,114.8,115.8,116.9,117.9,118.9,119.9,120.9,121.9,122.9,123.9,124.9,126,127,128,129,130,131,132.1,133.1,134.1,135.2,136.2,137.2,138.3,139.3,140.4,141.4,142.4,143.5,144.5,145.5,146.5,147.5,148.6,149.6,150.6,151.6,152.6,153.6,154.7,155.7,156.7,157.7,158.7,159.8,160.8,161.8,162.8,163.9,164.9,165.9,166.9,168,169,170,171,172,173.1,174.1,175.1,176.1,177.1,178.2,179.2,180.2,181.2,182.2,183.2,184.2,185.3,186.3,187.3,188.3,189.3,190.3,191.3,192.4,193.4,194.4,195.4,196.5,197.5,198.5,199.5,200.5,201.6,202.6,203.6,204.6,205.6,206.6,207.6,208.6,209.7,210.7,211.7,212.7,213.7,214.7,215.7,216.7,217.8,218.8,219.8,220.8,221.8,222.8,223.8,224.9,225.9,226.9,227.9,228.9,229.9,230.9,231.9,233,234,235,235.9,236.9,237.8,238.7,239.5,240.2,240.9,241.5,242,242.4,242.7,243,243.1,243.2,243.3,243.2,243.2,243,242.8,242.6,242.4,242.1,241.9,241.6,241.3,241.1,240.9,240.7,240.5,240.3,240.2,240.1,240.1,240.1,240.1,240.1,240.2,240.3,240.4,240.5,240.6,240.7,240.9,240.9,241,241.1,241.2,241.2,241.2,241.2,241.2,241.2,241.2,241.1,241.1,241,241,240.9,240.9,240.8,240.7,240.7,240.7,240.6,240.6,240.6,240.5,240.5,240.5,240.5,240.6,240.6,240.6,240.6,240.6,240.6,240.7,240.7,240.7,240.7,240.7,240.7,240.7,240.7,240.7,240.7,240.7,240.7,240.7,240.7,240.7,240.6,240.6,240.6,240.6,240.6,240.6,240.6,240.6,240.5,240.5,240.5,,,,,
17.05.2024 11:43:45,17.05.2024 11:45:08,Undefined,2024.05.07 - 80 kVp,2024.05.07 - 80 kVp RESULTS,I3,,,MCP (Study),236.479,754542,Temperature setpoint,°C,25.1,25.6,26.6,27.6,28.6,29.6,30.6,31.6,32.6,33.6,34.6,35.6,36.6,37.6,38.6,39.6,40.6,41.6,42.6,43.6,44.6,45.6,46.6,47.6,48.6,49.6,50.6,51.6,52.6,53.6,54.6,55.6,56.6,57.6,58.6,59.6,60.6,61.6,62.6,63.6,64.6,65.6,66.6,67.6,68.6,69.6,70.6,71.6,72.6,73.6,74.6,75.6,76.6,77.6,78.6,79.6,80.6,81.6,82.6,83.6,84.6,85.6,86.6,87.6,88.6,89.6,90.6,91.6,92.6,93.6,94.6,95.6,96.6,97.6,98.6,99.6,100.6,101.6,102.6,103.6,104.6,105.6,106.6,107.6,108.6,109.6,110.6,111.6,112.6,113.6,114.6,115.6,116.6,117.6,118.6,119.6,120.6,121.6,122.6,123.6,124.6,125.6,126.6,127.6,128.6,129.6,130.6,131.6,132.6,133.6,134.6,135.6,136.6,137.6,138.6,139.6,140.6,141.6,142.6,143.6,144.6,145.6,146.6,147.6,148.6,149.6,150.6,151.6,152.6,153.6,154.6,155.6,156.6,157.6,158.6,159.6,160.6,161.6,162.6,163.6,164.6,165.6,166.6,167.6,168.6,169.6,170.6,171.6,172.6,173.6,174.6,175.6,176.6,177.6,178.6,179.6,180.6,181.6,182.6,183.6,184.6,185.6,186.6,187.6,188.6,189.6,190.6,191.6,192.6,193.6,194.6,195.6,196.6,197.6,198.6,199.6,200.6,201.6,202.6,203.6,204.6,205.6,206.6,207.6,208.6,209.6,210.6,211.6,212.6,213.6,214.6,215.6,216.6,217.6,218.6,219.6,220.6,221.6,222.6,223.6,224.6,225.6,226.6,227.6,228.6,229.6,230.6,231.6,232.6,233.6,234.6,235.6,236.6,237.6,238.6,239.5,240,240,240,240,240,240,240,240,240,240,240,240,240,240,240,240,240,240,240,240,240,240,240,240,240,240,240,240,240,240,240,240,240,240,240,240,240,240,240,240,240,240,240,240,240,240,240,240,240,240,240,240,240,240,240,240,240,240,240,240,240,240,240,240,240,240,240,240,240,240,240,240,240,240,240,240,240,240,240,240,240,240,240,240,240,240,240,240,240,240,240,240,240,240,240,240,240,240,240,,,,,
17.05.2024 11:45:31,17.05.2024 11:46:55,Undefined,2024.05.07 - 80 kVp,2024.05.07 - 80 kVp RESULTS,I4,,,MCP (Study),530.413,1679310,Counts measured,,11,11,11,11,12,13,14,15,17,19,21,22,22,21,23,26,30,32,31,28,26,24,24,24,23,22,22,23,25,27,29,30,29,27,26,26,28,29,28,27,26,25,24,22,19,15,14,17,22,26,25,23,23,25,26,25,23,21,21,24,29,35,39,38,32,26,23,24,29,33,35,35,33,32,31,30,28,27,27,28,28,26,23,21,21,23,25,28,29,29,27,23,21,24,28,31,33,31,27,27,28,29,28,28,33,38,43,48,54,59,66,74,82,89,94,94,91,90,99,117,136,153,172,190,202,213,231,253,274,297,325,358,395,440,500,570,630,665,683,716,785,881,967,1033,1112,1245,1430,1622,1779,1913,2068,2260,2452,2636,2837,3068,3318,3601,3944,4331,4720,5077,5403,5741,6130,6579,7072,7590,8101,8603,9117,9661,10271,10963,11674,12289,12782,13263,13807,14350,14841,15330,15847,16338,16742,17044,17287,17520,17747,17965,18215,18479,18721,19016,19426,19889,20315,20792,21527,22539,23690,24960,26421,28015,29640,31337,33160,35049,36891,38588,40095,41408,42530,43386,43876,43888,43299,42034,40169,37941,35551,33053,30385,27546,24622,21753,19102,16755,14655,12742,11038,9554,8264,7116,6072,5156,4444,3931,3509,3089,2697,2377,2120,1909,1739,1593,1452,1320,1209,1114,1046,1017,1000,955,887,836,813,800,778,752,727,698,669,649,631,611,591,574,558,537,514,498,502,520,527,513,490,477,474,474,470,457,446,454,464,449,415,393,395,409,424,433,440,446,442,420,392,370,357,358,370,378,380,381,378,367,351,340,333,322,312,308,306,303,303,303,303,303,303,303
17.05.2024 11:45:31,17.05.2024 11:46:55,Undefined,2024.05.07 - 80 kVp,2024.05.07 - 80 kVp RESULTS,I4,,,MCP (Study),530.413,1679310,Temperature measured,°C,44.6,44.6,44.7,44.7,44.7,44.7,44.7,44.7,44.7,44.7,44.7,44.7,44.7,44.7,44.7,44.7,44.6,44.6,44.6,44.6,44.6,44.6,44.5,44.5,44.5,44.5,44.6,44.7,44.9,45.3,45.8,46.5,47.3,48.4,49.5,50.9,52.3,53.9,55.5,57.1,58.6,60.1,61.5,62.9,64.1,65.3,66.3,67.3,68.2,69.1,69.9,70.7,71.5,72.3,73,73.9,74.7,75.6,76.5,77.5,78.5,79.5,80.6,81.8,82.9,84.1,85.3,86.5,87.6,88.8,89.9,91.1,92.1,93.2,94.2,95.3,96.3,97.2,98.2,99.2,100.1,101.1,102,103,104,105,106,107,108.1,109.1,110.2,111.2,112.3,113.4,114.4,115.5,116.6,117.6,118.7,119.8,120.8,121.8,122.9,123.9,124.9,125.9,126.9,127.9,128.9,129.9,130.9,131.9,133,134,135,136,137,138.1,139.1,140.2,141.2,142.2,143.3,144.3,145.3,146.4,147.4,148.4,149.5,150.5,151.5,152.5,153.6,154.6,155.6,156.6,157.6,158.6,159.6,160.7,161.7,162.7,163.7,164.7,165.8,166.8,167.8,168.8,169.9,170.9,171.9,172.9,174,175,176,177,178.1,179.1,180.1,181.1,182.1,183.1,184.2,185.2,186.2,187.2,188.2,189.2,190.2,191.3,192.3,193.3,194.3,195.3,196.3,197.4,198.4,199.4,200.4,201.4,202.5,203.5,204.5,205.5,206.5,207.5,208.6,209.6,210.6,211.6,212.6,213.6,214.6,215.6,216.7,217.7,218.7,219.7,220.7,221.7,222.8,223.8,224.8,225.8,226.8,227.8,228.8,229.9,230.9,231.9,232.9,233.9,234.9,235.9,236.8,237.7,238.6,239.4,240.2,240.8,241.4,241.9,242.3,242.7,242.9,243.1,243.2,243.2,243.2,243.1,243,242.8,242.6,242.4,242.1,241.8,241.6,241.3,241.1,240.8,240.6,240.5,240.3,240.2,240.1,240.1,240.1,240.1,240.1,240.2,240.3,240.4,240.5,240.6,240.7,240.8,240.9,241,241.1,241.1,241.2,241.2,241.2,241.2,241.2,241.1,241.1,241.1,241,240.9,240.9,240.8,240.8,240.7,240.7,240.6,240.6,240.6,240.5,240.5,240.5,240.5,240.5,240.5,240.5,240.6,240.6,240.6,240.6,240.6,240.7,240.7,240.7,240.7,240.7,240.7,240.7,240.7,240.7,240.7,240.7,240.7,240.7,240.6,240.6,240.6,240.6,240.6,240.6,240.6,240.5,240.5,240.5,240.5,240.5,,,,,
17.05.2024 11:45:31,17.05.2024 11:46:55,Undefined,2024.05.07 - 80 kVp,2024.05.07 - 80 kVp RESULTS,I4,,,MCP (Study),530.413,1679310,Temperature setpoint,°C,25.1,25.6,26.6,27.6,28.6,29.6,30.6,31.6,32.6,33.6,34.6,35.6,36.6,37.6,38.6,39.6,40.6,41.6,42.6,43.6,44.6,45.6,46.6,47.6,48.6,49.6,50.6,51.6,52.6,53.6,54.6,55.6,56.6,57.6,58.6,59.6,60.6,61.6,62.6,63.6,64.6,65.6,66.6,67.6,68.6,69.6,70.6,71.6,72.6,73.6,74.6,75.6,76.6,77.6,78.6,79.6,80.6,81.6,82.6,83.6,84.6,85.6,86.6,87.6,88.6,89.6,90.6,91.6,92.6,93.6,94.6,95.6,96.6,97.6,98.6,99.6,100.6,101.6,102.6,103.6,104.6,105.6,106.6,107.6,108.6,109.6,110.6,111.6,112.6,113.6,114.6,115.6,116.6,117.6,118.6,119.6,120.6,121.6,122.6,123.6,124.6,125.6,126.6,127.6,128.6,129.6,130.6,131.6,132.6,133.6,134.6,135.6,136.6,137.6,138.6,139.6,140.6,141.6,142.6,143.6,144.6,145.6,146.6,147.6,148.6,149.6,150.6,151.6,152.6,153.6,154.6,155.6,156.6,157.6,158.6,159.6,160.6,161.6,162.6,163.6,164.6,165.6,166.6,167.6,168.6,169.6,170.6,171.6,172.6,173.6,174.6,175.6,176.6,177.6,178.6,179.6,180.6,181.6,182.6,183.6,184.6,185.6,186.6,187.6,188.6,189.6,190.6,191.6,192.6,193.6,194.6,195.6,196.6,197.6,198.6,199.6,200.6,201.6,202.6,203.6,204.6,205.6,206.6,207.6,208.6,209.6,210.6,211.6,212.6,213.6,214.6,215.6,216.6,217.6,218.6,219.6,220.6,221.6,222.6,223.6,224.6,225.6,226.6,227.6,228.6,229.6,230.6,231.6,232.6,233.6,234.6,235.6,236.6,237.6,238.6,239.5,240,240,240,240,240,240,240,240,240,240,240,240,240,240,240,240,240,240,240,240,240,240,240,240,240,240,240,240,240,240,240,240,240,240,240,240,240,240,240,240,240,240,240,240,240,240,240,240,240,240,240,240,240,240,240,240,240,240,240,240,240,240,240,240,240,240,240,240,240,240,240,240,240,240,240,240,240,240,240,240,240,240,240,240,240,240,240,240,240,240,240,240,240,240,240,240,240,240,240,,,,,
17.05.2024 11:47:21,17.05.2024 11:48:45,Undefined,2024.05.07 - 80 kVp,2024.05.07 - 80 kVp RESULTS,I5,,,MCP (Study),1056.09,3333178,Counts measured,,23,23,23,21,19,18,20,24,27,27,25,25,26,29,31,30,27,23,22,22,22,20,18,20,24,27,28,29,30,32,32,30,28,27,26,27,28,29,29,30,33,36,37,38,39,38,36,35,35,33,32,30,28,29,32,34,34,32,29,29,31,32,30,28,28,33,39,44,41,33,25,22,22,22,23,24,26,30,32,32,29,28,29,31,31,30,30,31,30,28,28,27,26,23,22,27,36,43,45,44,43,43,46,50,55,60,68,80,94,103,104,101,105,119,141,163,178,181,180,188,207,228,242,256,281,318,359,393,416,443,483,539,613,688,744,790,858,954,1065,1179,1288,1404,1546,1711,1888,2077,2279,2501,2761,3039,3290,3533,3826,4179,4544,4931,5398,5928,6422,6870,7373,7990,8697,9471,10310,11175,11996,12783,13621,14544,15520,16528,17560,18584,19551,20480,21479,22615,23798,24934,26030,27102,28097,28989,29853,30735,31563,32259,32817,33281,33733,34242,34794,35358,35938,36562,37240,38026,38981,40089,41364,42952,44995,47444,50233,53355,56755,60305,63885,67469,71040,74434,77397,79801,81763,83367,84306,84170,83069,81197,78394,74681,70429,65795,60764,55653,50765,46025,41289,36695,32529,28912,25718,22781,20050,17609,15524,13743,12146,10720,9542,8574,7706,6920,6260,5700,5178,4675,4225,3862,3594,3382,3193,3028,2902,2785,2628,2452,2319,2225,2121,2022,1963,1929,1883,1831,1790,1754,1710,1657,1593,1522,1461,1426,1424,1447,1466,1444,1398,1368,1355,1337,1308,1289,1289,1291,1288,1285,1268,1217,1155,1128,1148,1171,1150,1109,1082,1065,1042,1017,996,985,980,974,970,975,983,984,983,977,968,967,971,970,969,970,970,969,970,970
17.05.2024 11:47:21,17.05.2024 11:48:45,Undefined,2024.05.07 - 80 kVp,2024.05.07 - 80 kVp RESULTS,I5,,,MCP (Study),1056.09,3333178,Temperature measured,°C,44.1,44.1,44.1,44.1,44.1,44.1,44.1,44.1,44.1,44.1,44.1,44.1,44.1,44.1,44.1,44.1,44.1,44.1,44,44,44,44,44,44,44,44,44.1,44.3,44.6,45,45.6,46.4,47.3,48.4,49.7,51.1,52.6,54.2,55.8,57.3,58.9,60.3,61.7,63,64.2,65.3,66.3,67.2,68.1,69,69.8,70.6,71.3,72.1,72.9,73.7,74.6,75.5,76.4,77.4,78.5,79.6,80.7,81.8,83,84.2,85.4,86.6,87.7,88.9,90,91.1,92.2,93.2,94.2,95.2,96.2,97.2,98.2,99.1,100.1,101,102,103,104,105,106,107,108,109.1,110.2,111.2,112.3,113.4,114.5,115.5,116.6,117.7,118.7,119.8,120.8,121.8,122.8,123.9,124.9,125.9,126.9,127.9,128.9,129.9,130.9,131.9,132.9,133.9,135,136,137,138.1,139.1,140.1,141.2,142.2,143.3,144.3,145.3,146.4,147.4,148.4,149.5,150.5,151.5,152.5,153.5,154.6,155.6,156.6,157.6,158.6,159.6,160.6,161.7,162.7,163.7,164.7,165.7,166.8,167.8,168.8,169.8,170.9,171.9,172.9,173.9,175,176,177,178,179.1,180.1,181.1,182.1,183.1,184.1,185.1,186.2,187.2,188.2,189.2,190.2,191.2,192.3,193.3,194.3,195.3,196.3,197.3,198.4,199.4,200.4,201.4,202.4,203.5,204.5,205.5,206.5,207.5,208.5,209.6,210.6,211.6,212.6,213.6,214.6,215.6,216.6,217.7,218.7,219.7,220.7,221.7,222.7,223.7,224.8,225.8,226.8,227.8,228.8,229.8,230.8,231.8,232.9,233.9,234.9,235.9,236.8,237.7,238.6,239.4,240.1,240.8,241.4,241.9,242.3,242.7,242.9,243.1,243.2,243.2,243.2,243.1,243,242.8,242.6,242.3,242.1,241.8,241.6,241.3,241.1,240.8,240.6,240.4,240.3,240.2,240.1,240.1,240.1,240.1,240.1,240.2,240.3,240.4,240.5,240.6,240.7,240.8,240.9,241,241.1,241.1,241.2,241.2,241.2,241.2,241.2,241.1,241.1,241.1,241,240.9,240.9,240.8,240.8,240.7,240.7,240.6,240.6,240.6,240.5,240.5,240.5,240.5,240.5,240.5,240.6,240.6,240.6,240.6,240.6,240.6,240.7,240.7,240.7,240.7,240.7,240.7,240.7,240.7,240.7,240.7,240.7,240.7,240.7,240.6,240.6,240.6,240.6,240.6,240.6,240.6,240.5,240.5,240.5,240.5,240.5,,,,,
17.05.2024 11:47:21,17.05.2024 11:48:45,Undefined,2024.05.07 - 80 kVp,2024.05.07 - 80 kVp RESULTS,I5,,,MCP (Study),1056.09,3333178,Temperature setpoint,°C,25,25.5,26.5,27.5,28.5,29.5,30.5,31.5,32.5,33.5,34.5,35.5,36.5,37.5,38.5,39.5,40.5,41.5,42.5,43.5,44.5,45.5,46.5,47.5,48.5,49.5,50.5,51.5,52.5,53.5,54.5,55.5,56.5,57.5,58.5,59.5,60.5,61.5,62.5,63.5,64.5,65.5,66.5,67.5,68.5,69.5,70.5,71.5,72.5,73.5,74.5,75.5,76.5,77.5,78.5,79.5,80.5,81.5,82.5,83.5,84.5,85.5,86.5,87.5,88.5,89.5,90.5,91.5,92.5,93.5,94.5,95.5,96.5,97.5,98.5,99.5,100.5,101.5,102.5,103.5,104.5,105.5,106.5,107.5,108.5,109.5,110.5,111.5,112.5,113.5,114.5,115.5,116.5,117.5,118.5,119.5,120.5,121.5,122.5,123.5,124.5,125.5,126.5,127.5,128.5,129.5,130.5,131.5,132.5,133.5,134.5,135.5,136.5,137.5,138.5,139.5,140.5,141.5,142.5,143.5,144.5,145.5,146.5,147.5,148.5,149.5,150.5,151.5,152.5,153.5,154.5,155.5,156.5,157.5,158.5,159.5,160.5,161.5,162.5,163.5,164.5,165.5,166.5,167.5,168.5,169.5,170.5,171.5,172.5,173.5,174.5,175.5,176.5,177.5,178.5,179.5,180.5,181.5,182.5,183.5,184.5,185.5,186.5,187.5,188.5,189.5,190.5,191.5,192.5,193.5,194.5,195.5,196.5,197.5,198.5,199.5,200.5,201.5,202.5,203.5,204.5,205.5,206.5,207.5,208.5,209.5,210.5,211.5,212.5,213.5,214.5,215.5,216.5,217.5,218.5,219.5,220.5,221.5,222.5,223.5,224.5,225.5,226.5,227.5,228.5,229.5,230.5,231.5,232.5,233.5,234.5,235.5,236.5,237.5,238.5,239.5,240,240,240,240,240,240,240,240,240,240,240,240,240,240,240,240,240,240,240,240,240,240,240,240,240,240,240,240,240,240,240,240,240,240,240,240,240,240,240,240,240,240,240,240,240,240,240,240,240,240,240,240,240,240,240,240,240,240,240,240,240,240,240,240,240,240,240,240,240,240,240,240,240,240,240,240,240,240,240,240,240,240,240,240,240,240,240,240,240,240,240,240,240,240,240,240,240,240,240,,,,,
17.05.2024 11:50:16,17.05.2024 11:51:39,Undefined,2024.05.07 - 80 kVp,2024.05.07 - 80 kVp RESULTS,I6,,,MCP (Study),2653.182,8357893,Counts measured,,11,11,11,12,13,13,10,7,7,8,14,25,34,34,22,11,7,7,10,12,14,16,18,20,20,18,16,16,15,14,12,12,17,21,23,22,21,21,20,18,17,17,19,21,21,23,28,33,36,35,38,43,44,37,31,31,32,33,32,32,33,36,38,39,39,39,37,34,31,29,30,32,34,35,37,40,41,39,37,39,45,50,50,48,47,48,51,57,64,69,69,68,66,66,69,78,83,82,81,88,104,122,135,138,138,145,159,176,196,216,229,235,246,268,293,323,365,408,444,480,526,579,641,707,777,861,957,1053,1152,1266,1388,1513,1661,1853,2076,2300,2509,2721,2975,3307,3712,4146,4570,4979,5409,5890,6399,6918,7507,8240,9074,9892,10678,11559,12610,13784,15057,16456,17898,19297,20756,22423,24266,26163,28045,29973,32120,34528,37076,39660,42273,44898,47498,50036,52646,55482,58414,61178,63741,66222,68638,71022,73456,75917,78181,80124,81855,83459,84839,86006,87134,88347,89589,90769,92075,93807,95996,98494,101378,104876,109152,114299,120343,127195,134750,142996,151878,161122,170324,179346,188173,196515,203762,209384,213144,215084,215151,212879,207931,200458,190893,179691,167267,154052,140656,127561,114858,102487,90682,79764,69796,60772,52823,46065,40361,35418,31010,27129,23812,21061,18802,16860,15064,13434,12092,11030,10108,9235,8452,7834,7356,6925,6506,6136,5804,5470,5168,4938,4755,4574,4391,4216,4076,3979,3903,3841,3797,3739,3633,3518,3429,3356,3289,3225,3148,3063,3015,2999,2970,2920,2869,2801,2715,2641,2587,2548,2531,2531,2524,2502,2484,2489,2502,2476,2404,2331,2293,2266,2216,2145,2082,2056,2069,2084,2070,2040,2012,1982,1949,1920,1899,1885,1880,1881,1887,1887,1885,1887,1887,1885
17.05.2024 11:50:16,17.05.2024 11:51:39,Undefined,2024.05.07 - 80 kVp,2024.05.07 - 80 kVp RESULTS,I6,,,MCP (Study),2653.182,8357893,Temperature measured,°C,36.9,36.9,36.9,36.9,37,37,37,37,37,37,37,37,37,37,37,36.9,36.9,37,37,37.1,37.3,37.6,38.1,38.7,39.5,40.4,41.6,42.9,44.3,45.8,47.3,48.9,50.4,51.9,53.4,54.7,56,57.2,58.2,59.3,60.2,61.1,61.9,62.7,63.5,64.3,65.1,65.9,66.7,67.6,68.5,69.5,70.5,71.6,72.6,73.8,74.9,76.1,77.3,78.4,79.6,80.8,81.9,83,84.1,85.2,86.2,87.2,88.2,89.2,90.2,91.1,92.1,93,94,95,96,97,98,99,100,101.1,102.1,103.2,104.3,105.3,106.4,107.5,108.5,109.6,110.7,111.7,112.8,113.8,114.8,115.8,116.8,117.9,118.9,119.9,120.9,121.9,122.9,123.9,124.9,125.9,126.9,128,129,130,131.1,132.1,133.1,134.2,135.2,136.3,137.3,138.3,139.4,140.4,141.4,142.4,143.5,144.5,145.5,146.5,147.5,148.5,149.6,150.6,151.6,152.6,153.6,154.6,155.7,156.7,157.7,158.7,159.8,160.8,161.8,162.8,163.9,164.9,165.9,166.9,168,169,170,171,172,173.1,174.1,175.1,176.1,177.1,178.1,179.2,180.2,181.2,182.2,183.2,184.2,185.2,186.3,187.3,188.3,189.3,190.3,191.4,192.4,193.4,194.4,195.4,196.4,197.5,198.5,199.5,200.5,201.5,202.5,203.5,204.6,205.6,206.6,207.6,208.6,209.6,210.6,211.6,212.7,213.7,214.7,215.7,216.7,217.7,218.8,219.8,220.8,221.8,222.8,223.8,224.8,225.9,226.9,227.9,228.9,229.9,230.9,231.9,232.9,233.9,234.9,235.9,236.9,237.8,238.6,239.5,240.2,240.9,241.4,241.9,242.4,242.7,243,243.1,243.2,243.3,243.2,243.2,243,242.8,242.6,242.4,242.1,241.9,241.6,241.3,241.1,240.9,240.7,240.5,240.3,240.2,240.2,240.1,240.1,240.1,240.2,240.3,240.4,240.5,240.6,240.7,240.8,240.9,241,241.1,241.2,241.2,241.2,241.3,241.3,241.3,241.2,241.2,241.1,241.1,241,241,240.9,240.9,240.8,240.8,240.7,240.7,240.6,240.6,240.6,240.6,240.6,240.6,240.6,240.6,240.6,240.6,240.6,240.7,240.7,240.7,240.7,240.7,240.7,240.8,240.8,240.8,240.8,240.7,240.7,240.7,240.7,240.7,240.7,240.7,240.7,240.6,240.6,240.6,240.6,240.6,240.6,240.6,240.6,240.6,240.6,,,,,
17.05.2024 11:50:16,17.05.2024 11:51:39,Undefined,2024.05.07 - 80 kVp,2024.05.07 - 80 kVp RESULTS,I6,,,MCP (Study),2653.182,8357893,Temperature setpoint,°C,25,25.5,26.5,27.5,28.5,29.5,30.5,31.5,32.5,33.5,34.5,35.5,36.5,37.5,38.5,39.5,40.5,41.5,42.5,43.5,44.5,45.5,46.5,47.5,48.5,49.5,50.5,51.5,52.5,53.5,54.5,55.5,56.5,57.5,58.5,59.5,60.5,61.5,62.5,63.5,64.5,65.5,66.5,67.5,68.5,69.5,70.5,71.5,72.5,73.5,74.5,75.5,76.5,77.5,78.5,79.5,80.5,81.5,82.5,83.5,84.5,85.5,86.5,87.5,88.5,89.5,90.5,91.5,92.5,93.5,94.5,95.5,96.5,97.5,98.5,99.5,100.5,101.5,102.5,103.5,104.5,105.5,106.5,107.5,108.5,109.5,110.5,111.5,112.5,113.5,114.5,115.5,116.5,117.5,118.5,119.5,120.5,121.5,122.5,123.5,124.5,125.5,126.5,127.5,128.5,129.5,130.5,131.5,132.5,133.5,134.5,135.5,136.5,137.5,138.5,139.5,140.5,141.5,142.5,143.5,144.5,145.5,146.5,147.5,148.5,149.5,150.5,151.5,152.5,153.5,154.5,155.5,156.5,157.5,158.5,159.5,160.5,161.5,162.5,163.5,164.5,165.5,166.5,167.5,168.5,169.5,170.5,171.5,172.5,173.5,174.5,175.5,176.5,177.5,178.5,179.5,180.5,181.5,182.5,183.5,184.5,185.5,186.5,187.5,188.5,189.5,190.5,191.5,192.5,193.5,194.5,195.5,196.5,197.5,198.5,199.5,200.5,201.5,202.5,203.5,204.5,205.5,206.5,207.5,208.5,209.5,210.5,211.5,212.5,213.5,214.5,215.5,216.5,217.5,218.5,219.5,220.5,221.5,222.5,223.5,224.5,225.5,226.5,227.5,228.5,229.5,230.5,231.5,232.5,233.5,234.5,235.5,236.5,237.5,238.5,239.5,240,240,240,240,240,240,240,240,240,240,240,240,240,240,240,240,240,240,240,240,240,240,240,240,240,240,240,240,240,240,240,240,240,240,240,240,240,240,240,240,240,240,240,240,240,240,240,240,240,240,240,240,240,240,240,240,240,240,240,240,240,240,240,240,240,240,240,240,240,240,240,240,240,240,240,240,240,240,240,240,240,240,240,240,240,240,240,240,240,240,240,240,240,240,240,240,240,240,240,,,,,
17.05.2024 11:52:21,17.05.2024 11:53:45,Undefined,2024.05.07 - 80 kVp,2024.05.07 - 80 kVp RESULTS,I7,25,518,MCP (Study),4585.842,14438364,Counts measured,,22,22,22,22,23,25,25,23,20,20,21,23,25,26,26,24,22,21,23,27,31,33,34,36,37,38,37,36,34,33,33,35,35,35,35,34,33,32,30,29,31,35,36,35,35,36,37,35,35,38,41,41,39,38,39,39,38,37,38,40,42,43,43,44,46,48,50,53,56,57,56,53,50,51,55,59,60,57,54,53,54,54,56,56,54,51,52,60,67,69,70,73,79,84,86,89,95,107,126,150,173,185,189,192,203,226,257,283,299,313,337,367,397,435,480,530,588,658,736,816,893,963,1031,1123,1262,1438,1623,1805,1986,2177,2395,2640,2901,3183,3496,3835,4202,4622,5112,5642,6195,6791,7464,8217,9034,9905,10833,11853,13001,14274,15608,16965,18386,19945,21674,23581,25665,27890,30237,32741,35450,38358,41407,44600,47978,51491,55093,58924,63082,67411,71741,76168,80827,85637,90550,95553,100492,105183,109674,114058,118418,122870,127199,131073,134546,137902,141066,143840,146263,148490,150650,152746,154767,156880,159428,162459,165772,169541,174496,181150,189227,198254,208316,219779,232676,246762,261691,277327,293670,310305,326106,340176,352458,362768,370162,373753,373432,369237,360930,348381,332082,313043,292218,270237,247620,224828,202263,180539,160320,141758,124607,108866,94904,82899,72598,63602,55665,48685,42602,37360,32876,29070,25887,23217,20917,18929,17234,15736,14366,13154,12104,11194,10422,9778,9239,8769,8315,7866,7458,7084,6710,6368,6132,5983,5822,5596,5357,5181,5080,4985,4862,4738,4636,4557,4490,4401,4295,4225,4196,4150,4049,3940,3876,3862,3843,3757,3621,3520,3509,3525,3488,3414,3360,3326,3262,3159,3061,3009,2994,2996,3007,3003,2958,2902,2887,2893,2880,2858,2842,2816,2761,2678,2591,2532,2516,2519,2516,2516,2519,2516
17.05.2024 11:52:21,17.05.2024 11:53:45,Undefined,2024.05.07 - 80 kVp,2024.05.07 - 80 kVp RESULTS,I7,25,518,MCP (Study),4585.842,14438364,Temperature measured,°C,41,41,41,41,41.1,41.1,41.1,41.1,41.1,41.1,41.1,41.1,41.1,41,41,41,41,41,41,41,41,41,41,41.1,41.3,41.6,42.1,42.7,43.5,44.4,45.5,46.8,48.2,49.7,51.3,52.9,54.4,56,57.4,58.8,60,61.2,62.3,63.3,64.3,65.1,66,66.8,67.6,68.3,69.1,69.9,70.8,71.6,72.5,73.5,74.5,75.5,76.6,77.8,78.9,80.1,81.3,82.4,83.6,84.8,85.9,87,88.1,89.2,90.2,91.3,92.3,93.2,94.2,95.2,96.1,97.1,98.1,99,100,101,102,103,104,105.1,106.1,107.2,108.3,109.4,110.4,111.5,112.6,113.6,114.7,115.7,116.8,117.8,118.9,119.9,120.9,121.9,122.9,123.9,124.9,125.9,126.9,127.9,128.9,130,131,132,133,134.1,135.1,136.1,137.2,138.2,139.3,140.3,141.3,142.4,143.4,144.4,145.5,146.5,147.5,148.5,149.5,150.6,151.6,152.6,153.6,154.6,155.6,156.6,157.7,158.7,159.7,160.7,161.8,162.8,163.8,164.8,165.8,166.9,167.9,168.9,170,171,172,173,174,175.1,176.1,177.1,178.1,179.1,180.1,181.2,182.2,183.2,184.2,185.2,186.2,187.2,188.3,189.3,190.3,191.3,192.3,193.4,194.4,195.4,196.4,197.4,198.4,199.5,200.5,201.5,202.5,203.5,204.5,205.6,206.6,207.6,208.6,209.6,210.6,211.6,212.7,213.7,214.7,215.7,216.7,217.7,218.7,219.7,220.8,221.8,222.8,223.8,224.8,225.8,226.8,227.9,228.9,229.9,230.9,231.9,232.9,233.9,234.9,235.9,236.9,237.8,238.6,239.4,240.2,240.8,241.4,241.9,242.3,242.7,242.9,243.1,243.2,243.2,243.2,243.1,243,242.8,242.6,242.3,242.1,241.8,241.5,241.3,241,240.8,240.6,240.4,240.3,240.2,240.1,240.1,240.1,240.1,240.2,240.2,240.3,240.4,240.6,240.7,240.8,240.9,241,241.1,241.1,241.2,241.2,241.2,241.2,241.2,241.2,241.2,241.1,241.1,241,240.9,240.9,240.8,240.8,240.7,240.7,240.6,240.6,240.6,240.6,240.5,240.5,240.5,240.5,240.6,240.6,240.6,240.6,240.6,240.7,240.7,240.7,240.7,240.7,240.7,240.7,240.7,240.7,240.7,240.7,240.7,240.7,240.7,240.7,240.7,240.6,240.6,240.6,240.6,240.6,240.6,240.6,240.6,240.5,240.5,240.5,,,,,
17.05.2024 11:52:21,17.05.2024 11:53:45,Undefined,2024.05.07 - 80 kVp,2024.05.07 - 80 kVp RESULTS,I7,25,518,MCP (Study),4585.842,14438364,Temperature setpoint,°C,25,25.5,26.5,27.5,28.5,29.5,30.5,31.5,32.5,33.5,34.5,35.5,36.5,37.5,38.5,39.5,40.5,41.5,42.5,43.5,44.5,45.5,46.5,47.5,48.5,49.5,50.5,51.5,52.5,53.5,54.5,55.5,56.5,57.5,58.5,59.5,60.5,61.5,62.5,63.5,64.5,65.5,66.5,67.5,68.5,69.5,70.5,71.5,72.5,73.5,74.5,75.5,76.5,77.5,78.5,79.5,80.5,81.5,82.5,83.5,84.5,85.5,86.5,87.5,88.5,89.5,90.5,91.5,92.5,93.5,94.5,95.5,96.5,97.5,98.5,99.5,100.5,101.5,102.5,103.5,104.5,105.5,106.5,107.5,108.5,109.5,110.5,111.5,112.5,113.5,114.5,115.5,116.5,117.5,118.5,119.5,120.5,121.5,122.5,123.5,124.5,125.5,126.5,127.5,128.6,129.6,130.6,131.6,132.6,133.6,134.6,135.6,136.6,137.6,138.6,139.6,140.6,141.6,142.6,143.6,144.6,145.6,146.6,147.6,148.6,149.6,150.6,151.6,152.6,153.6,154.6,155.6,156.6,157.6,158.6,159.6,160.6,161.6,162.6,163.6,164.6,165.6,166.6,167.6,168.6,169.6,170.6,171.6,172.6,173.6,174.6,175.6,176.6,177.6,178.6,179.6,180.6,181.6,182.6,183.6,184.6,185.6,186.6,187.6,188.6,189.6,190.6,191.6,192.6,193.6,194.6,195.6,196.6,197.6,198.6,199.6,200.6,201.6,202.6,203.6,204.6,205.6,206.6,207.6,208.6,209.6,210.6,211.6,212.6,213.6,214.6,215.6,216.6,217.6,218.6,219.6,220.6,221.6,222.6,223.6,224.6,225.6,226.6,227.6,228.6,229.5,230.5,231.5,232.5,233.5,234.5,235.5,236.5,237.5,238.5,239.5,240,240,240,240,240,240,240,240,240,240,240,240,240,240,240,240,240,240,240,240,240,240,240,240,240,240,240,240,240,240,240,240,240,240,240,240,240,240,240,240,240,240,240,240,240,240,240,240,240,240,240,240,240,240,240,240,240,240,240,240,240,240,240,240,240,240,240,240,240,240,240,240,240,240,240,240,240,240,240,240,240,240,240,240,240,240,240,240,240,240,240,240,240,240,240,240,240,240,240,,,,,
