E,value,rel_err
0.25,0.0,0.0
0.75,0.0,0.0
1.25000005,3.1417791e-15,0.004811944
1.75000005,1.0458792e-15,0.0135463
2.24999995,7.9678371e-15,0.006080577
2.75,1.1197599e-12,0.00082060985
3.25000005,1.1942849e-13,0.003165006
3.7499999999999996,2.2444056999999999e-13,0.002641102
4.2500001,1.4384215e-15,0.03747452
4.75000005,1.0822939e-15,0.044285899999999996
5.249999949999999,6.7805331e-13,0.001814481
5.7500001,1.9672177e-13,0.0031583329999999997
6.250000050000001,2.8380032e-12,0.0010057879999999999
6.75,2.7826497e-14,0.01256305
7.24999995,7.9499705e-13,0.0025069000000000003
7.749999900000001,6.1288933e-12,0.001305587
8.25000005,1.1196976e-12,0.0018512090000000001
8.750000199999999,2.2562106000000001e-13,0.005496254000000001
9.249999950000001,1.1128901e-12,0.002975176
9.74999965,1.1697103e-12,0.002493276
10.24999985,4.6315813e-12,0.0015742809999999999
10.75,3.1542942e-11,0.0006905792700000001
11.249999999999998,1.7252846000000001e-12,0.003396194
11.750000000000002,1.3914479e-12,0.003091544
12.25,1.1174765e-11,0.001049015
12.75,8.356115700000001e-11,0.0005020375500000001
13.25,1.1204065e-12,0.004287313
13.749999999999998,1.5012388e-12,0.003850048
14.25,2.4045453e-12,0.002789661
14.75,1.8239184999999998e-11,0.001039904
15.250000000000002,1.013084e-11,0.0014177880000000001
15.75,2.3003035e-12,0.0030081400000000003
16.250000000000004,2.5833674e-12,0.002462773
16.75,3.1007919e-12,0.0028990120000000003
17.25,3.219976e-12,0.002859505
17.7500005,3.5426174000000002e-12,0.0027239200000000003
18.250000999999997,3.9024922e-12,0.002362971
18.75,4.3302775e-12,0.002012962
19.249999000000003,4.8141022999999996e-12,0.0022392989999999997
19.749999,5.3594613e-12,0.002538991
20.2499995,6.0678453e-12,0.0018199000000000002
20.75,7.0118107999999994e-12,0.001854613
21.25,8.229035299999999e-12,0.0018415909999999998
21.75,9.9193594e-12,0.001797192
22.25,1.2151733e-11,0.0014716679999999998
22.750000500000002,1.5276973e-11,0.001275788
23.250000999999997,1.9519537e-11,0.001049145
23.750001,2.457566e-11,0.001040317
24.25,3.1274612e-11,0.00078696601
24.749999,3.9680053e-11,0.00076871186
25.249999499999998,6.845860499999999e-11,0.00053737409
25.75,6.2656924e-11,0.0006194688
26.25,7.821080399999999e-11,0.00042857207
26.75,9.6954056e-11,0.00062254135
27.25,1.1884403000000001e-10,0.00046191651
27.75,1.4441954e-10,0.00040907711
28.2500005,1.7792429e-10,0.00037934233
28.750001,2.0707527999999999e-10,0.00032259035999999996
29.25,2.4524645e-10,0.00036612
29.749999000000003,2.86567e-10,0.00031338476
30.249999,3.3278516e-10,0.00027878053
30.749999500000005,3.8388892e-10,0.00023001131
31.25,4.3927305e-10,0.00023218477
31.75,4.9858831e-10,0.00026957754
32.25,5.6205678e-10,0.00020638844
32.75,6.304002599999999e-10,0.00021659007
33.25,7.033884200000001e-10,0.00017659605
33.750000500000006,7.8190444e-10,0.00018462135
34.250001000000005,8.6499011e-10,0.00015789114
34.750001,9.5081906e-10,0.00015088415
35.250001,1.0374645e-09,0.00015775556
35.750001,1.1256509e-09,0.00012676958
36.250001,1.2161013e-09,0.00016288273
36.750001499999996,1.3089486e-09,0.00013556268
37.25,1.4074238999999999e-09,0.00015142122
37.749998000000005,1.5149894e-09,0.00014486041
38.249998000000005,1.6365382999999999e-09,0.00013098847
38.7499985,1.7653238999999999e-09,0.00012735249
39.249999,1.8843677000000003e-09,0.0001322047
39.749999,1.9875308000000003e-09,0.00010570169
40.249999,2.0774449e-09,0.00012837534
40.749998999999995,2.1587390999999996e-09,0.00010520967000000001
41.249999,2.2368985e-09,9.831991e-05
41.7499995,2.3168831e-09,0.0001020454
42.25,2.4128074e-09,8.5544577e-05
42.75,2.4982707e-09,9.419954399999999e-05
43.25,2.6239301e-09,0.00010473599000000001
43.75,2.7321095000000002e-09,8.0252644e-05
44.250000500000006,2.9291818e-09,9.104950400000001e-05
44.750001,3.2702207e-09,8.769905200000001e-05
45.250001,3.5513018e-09,9.635802400000001e-05
45.750001,3.6043781e-09,8.4830979e-05
46.250001000000005,3.5549253e-09,7.6933205e-05
46.750001,3.4880063000000003e-09,8.5671041e-05
47.2500015,3.4284657e-09,8.1337718e-05
47.750002,3.3867354999999996e-09,9.6363658e-05
48.25,3.3631425e-09,8.616921499999999e-05
48.749998,3.3667022000000003e-09,8.7316493e-05
49.2499985,3.3754501e-09,8.783039600000001e-05
49.749999,3.4141623999999997e-09,9.472792000000001e-05
50.249998999999995,3.4842007e-09,8.8729924e-05
50.749998999999995,3.5910041e-09,8.7580187e-05
51.249999,3.6916211e-09,7.7682491e-05
51.749999,3.7714230999999995e-09,8.9234728e-05
52.2499995,3.8440154999999995e-09,6.8945475e-05
52.75,3.9091967e-09,7.3769158e-05
53.25,3.9749732e-09,7.8638839e-05
53.75,3.8847406e-09,7.553923899999999e-05
54.25000000000001,1.7927348999999998e-08,3.7514358e-05
54.75,1.1112e-08,4.8592603e-05
55.2500005,2.412458e-09,0.00012323136
55.750001000000005,2.4405121999999998e-09,0.00010237631
56.250001000000005,2.476444e-09,0.00010158148000000001
56.750001,2.5161520999999997e-09,0.00010683958
57.250001,2.5553479999999996e-09,0.00011190879000000001
57.750001000000005,2.5941799e-09,0.00010273976
58.2500015,2.6999128e-09,8.5011832e-05
58.75,2.6744336e-09,9.5657445e-05
59.249998,2.8160501e-09,0.0001140281
59.749998,2.7261956e-09,9.1735823e-05
60.2499985,2.754177e-09,8.775579699999999e-05
60.749999,2.7854366e-09,8.6228624e-05
61.250001000000005,2.8171439e-09,0.00010746812
61.750001000000005,2.8465769999999998e-09,9.6174181e-05
62.250001000000005,2.8736515e-09,9.720251900000001e-05
62.750001000000005,4.6283496e-09,7.0070159e-05
63.250001000000005,6.1143055e-09,5.8394615000000006e-05
63.750001499999996,2.6452955999999998e-09,9.2175612e-05
64.24999799999999,2.6604738e-09,0.00010607936
64.74999799999999,3.8341745e-09,8.4613217e-05
65.24999849999999,2.6158954000000002e-09,0.0001029078
65.749999,2.6186453e-09,0.00012616644
66.249999,2.6199496e-09,8.9677656e-05
66.749999,2.6182929999999998e-09,0.00010048379
67.249999,2.6599192e-09,0.00010708089
67.749999,2.6141440000000003e-09,9.6803522e-05
68.2499995,2.612757e-09,0.00010323318999999999
68.75,2.6116702e-09,9.8288758e-05
69.25,2.6211524e-09,0.00012302721
69.75,2.6128597000000003e-09,0.00010979533
70.25,2.6123309999999997e-09,0.0001132772
70.75,2.6145182e-09,8.8168951e-05
71.2500005,2.6118233999999996e-09,0.00010490384
71.75000100000001,3.6059881e-09,8.0702621e-05
72.250001,2.5815815e-09,0.00010207667
72.750001,2.5718787e-09,0.00010340343
73.250001,5.5220532e-09,6.0515325e-05
73.750001,2.5187937999999997e-09,0.00010135474999999999
74.2500015,2.5278004e-09,0.00011163252
74.74999799999999,2.5268865e-09,0.00010608653
75.24999799999999,7.723284e-09,6.7409957e-05
75.7499985,2.4227221e-09,0.00010699793
76.2499985,2.4372450999999997e-09,0.00010466309
76.7499985,2.4599009e-09,9.458206599999999e-05
77.249999,2.4985342999999998e-09,9.826077100000001e-05
77.749999,2.57279e-09,0.00011283631000000001
78.249999,2.6989853999999998e-09,0.00011582221999999999
78.7499995,2.8317063e-09,0.00010504749
79.2499995,2.9001138e-09,0.00010737920999999999
79.7499995,2.9143842e-09,9.0109529e-05
80.25,2.9000193e-09,9.467404299999999e-05
80.75,2.8732179e-09,8.749356499999999e-05
81.25,2.8406735999999998e-09,0.00010548498
81.75000050000001,2.8042428e-09,0.00010152104000000001
82.2500005,2.7667042e-09,9.0659466e-05
82.7500005,2.7285490999999998e-09,9.0639032e-05
83.250001,2.6903956e-09,9.122465700000001e-05
83.750001,2.6512796000000003e-09,0.00011562529
84.250001,2.6115126000000002e-09,8.2570547e-05
84.7500015,3.2508215e-09,8.7684905e-05
85.24999799999999,3.8409734e-09,7.7428101e-05
85.749998,2.4571361e-09,0.00010546907
86.2499985,2.4210473e-09,0.00010235787
86.7499985,2.386532e-09,0.00010629574
87.2499985,2.3514985000000003e-09,0.00010122153
87.749999,2.8163656e-09,9.8912427e-05
88.24999899999999,2.3548879999999997e-09,0.00011041582
88.74999899999999,2.203295e-09,0.00011773413999999999
89.2499995,2.1772343e-09,0.00012157569
89.7499995,2.1530216999999998e-09,0.00011885256999999999
90.2499995,2.1291249e-09,0.00010757114
90.75,2.1065545999999997e-09,0.0001030413
91.25,2.0850697e-09,0.00011218051
91.75000000000001,2.0646225000000002e-09,0.00012744311
92.2500005,2.0455958e-09,0.0001096164
92.7500005,2.0274378e-09,0.00012052804
93.2500005,2.0105562e-09,0.00010850380999999999
93.750001,1.9947491e-09,0.00012252932
94.250001,1.9802798e-09,0.00012080924
94.750001,1.9670893000000003e-09,0.00012763796
95.25000150000001,1.9539782999999998e-09,0.00010539055
95.75000150000001,1.942453e-09,0.00011720971999999999
96.2500015,1.9319428e-09,0.00011008671
96.749998,1.9219752e-09,0.00012155897
97.249998,1.9133593e-09,0.00010449392
97.7499985,1.9049904e-09,0.00011236806
98.249999,1.8974491e-09,0.00011785054999999999
98.749999,1.8908329e-09,0.00013463419
99.249999,1.8856773e-09,0.00012217924
99.749999,1.8799086e-09,0.00010489536
100.2499985,1.876182e-09,0.00011429098999999999
100.75000000000001,1.8726001e-09,0.00012390204
101.25,1.869307e-09,0.00012322759
101.75,1.8670622e-09,0.00011530205
102.24999999999999,1.8645866000000002e-09,0.00010403792999999999
102.75,1.8633212999999997e-09,0.00010907534999999999
103.24999999999999,1.8627342e-09,0.00012167647
103.75,1.8621368e-09,0.00012775306
104.25,1.8630725000000002e-09,0.00011017461
104.75,1.862915e-09,0.00014153654
105.25000000000001,1.8640091e-09,0.00011711334
105.75,1.8655085e-09,0.00010525781999999999
106.25000000000001,1.8671956999999998e-09,0.00012607822
106.74999999999999,1.8699358999999998e-09,0.00013592269
107.25,1.8728244e-09,0.00012256356
107.74999999999999,1.8761219e-09,0.00012261796
108.25,1.8796253000000002e-09,0.00011869554
108.75,1.8842081000000003e-09,0.00013523623
109.25,1.8892438e-09,0.00012758186
109.75000000000001,1.8950372e-09,0.00011073072999999999
110.25,1.9014395e-09,0.00012543668
110.75000000000001,1.9089471e-09,0.00012327012
111.25,1.9167979e-09,0.00011522216
111.75,1.9246286e-09,0.00012323080999999999
112.24999999999999,1.9171898e-09,0.00012739343
112.75,4.3179862e-08,1.9718993000000003e-05
113.24999999999999,1.1317976999999998e-09,0.00016791128
113.75,1.1638345e-09,0.00014859971
114.25000000000001,1.2168261e-09,0.00018704675
114.75,1.292863e-09,0.0001430129
115.25000000000001,1.3683308999999998e-09,0.00013073301
115.75,1.4176973e-09,0.0001489231
116.25,1.4415854e-09,0.00014612363
116.74999999999999,1.4471219999999999e-09,0.00016800663
117.25,1.4416185e-09,0.00014967472
117.74999999999999,1.4295488e-09,0.00014901903
118.25,1.4141528e-09,0.00013883771
118.75,1.3961616e-09,0.00012716795
119.25,1.3771879e-09,0.00014721991999999998
119.75000000000001,1.3570844e-09,0.00014057435
120.25,1.3365311e-09,0.00014301225
120.75000000000001,1.3161089e-09,0.00017196028
121.24999999999999,1.2955135e-09,0.00015888572
121.75,1.2755153e-09,0.00014116820000000001
122.24999999999999,1.2550384e-09,0.00014963562
122.75000500000002,1.2345337e-09,0.00015843168000000002
123.24999999999999,1.2147317e-09,0.0001257322
123.74999500000001,1.1955218e-09,0.00015598993
124.25000000000001,1.1762202e-09,0.00018142393
124.750005,1.1575660000000001e-09,0.00017072355
125.25000499999999,1.1393536000000001e-09,0.00016531968
125.75,1.1218332e-09,0.00018444674
126.25,1.1049089e-09,0.00016535077
126.750005,1.0885484999999999e-09,0.00014038743
127.25000500000002,1.0725722e-09,0.00014225221
127.74999999999999,1.0564596e-09,0.00016112316
128.25,1.0403886e-09,0.00016816521000000001
128.749995,1.0244099000000002e-09,0.00015457993
129.24999499999998,1.0089574e-09,0.00013458326
129.74999999999997,9.9355576e-10,0.00017143629
130.25,9.7903283e-10,0.00016711552
130.749995,9.6436572e-10,0.00015575209
131.24999499999998,9.503826699999999e-10,0.00018874282
131.75,9.3703653e-10,0.00016905073
132.25,9.2372566e-10,0.00016185828
132.74999499999998,9.1086648e-10,0.0001620177
133.24999499999998,8.9870935e-10,0.00016883871000000002
133.75,8.8639231e-10,0.00015641578
134.25000500000002,8.7432523e-10,0.00018019829000000002
134.75,8.6310203e-10,0.00015505456
135.24999499999998,8.5199857e-10,0.00015366234
135.75,8.4087963e-10,0.00015991269
136.25000500000002,8.3064171e-10,0.0001818624
136.750005,1.1496850999999999e-09,0.00014928171
137.25,8.061523e-10,0.00017739136
137.75000000000003,7.9679297e-10,0.00019288909
138.25000500000002,7.876072200000001e-10,0.00016826889
138.750005,7.7892229e-10,0.00016962774
139.25,7.7003968e-10,0.00017123286
139.75,7.618111e-10,0.00019383294999999998
140.24999499999998,7.5390004e-10,0.00018537596
140.749995,7.4660504e-10,0.0001794805
141.25,7.3908299e-10,0.00018695620999999998
141.75,7.322296199999999e-10,0.00020322783000000001
142.249995,7.2588975e-10,0.00018056512
142.74999499999998,7.1994995e-10,0.00018173440999999998
143.24999999999997,7.1385235e-10,0.00018888091999999998
143.750005,7.077555599999999e-10,0.00018210366
144.25,7.0183509e-10,0.00019057649999999998
144.74999499999998,6.9587969e-10,0.00020527836
145.25,6.9008186e-10,0.00019223638
145.75000500000002,6.843538099999999e-10,0.00018881182999999998
146.25000500000002,6.7879655e-10,0.00019154775999999997
146.75000000000003,6.733418e-10,0.0001801181
147.25,6.680215600000001e-10,0.00020402808
147.75000500000002,6.6277396e-10,0.00019556183
148.25000500000002,6.579590300000001e-10,0.00020644237999999999
148.75,6.532569499999999e-10,0.00018594785
149.25,6.4874673e-10,0.00019947985
149.749995,6.4417161e-10,0.00022052063
150.249995,6.399675e-10,0.0002461509
150.75,6.3566002e-10,0.00022557709
151.25000000000003,6.3151895e-10,0.00020891678
151.74999499999998,6.275575700000001e-10,0.00018451801
152.249995,6.2378944e-10,0.00022036552000000002
152.75,6.2024756e-10,0.00019744033000000002
153.25,6.1677245e-10,0.00017476685
153.74999499999998,6.132496600000001e-10,0.00019589388999999998
154.249995,6.100903799999999e-10,0.00019051255999999998
154.75,6.0697814e-10,0.000222499
155.250005,6.035738e-10,0.00019052845999999998
155.75000000000003,6.0087914e-10,0.0001731704
156.24999499999998,5.9822877e-10,0.00016184674999999998
156.75,5.952280499999999e-10,0.00019288963
157.250005,5.9245521e-10,0.00020405445
157.750005,5.9010938e-10,0.00019087536
158.25,5.8770616e-10,0.00019968741000000003
158.74999999999997,5.8544427e-10,0.00021397752999999998
159.250005,5.8328937e-10,0.00021106396
159.750005,5.8116036e-10,0.00018257845000000002
160.25000000000003,5.7880016e-10,0.00022394542
160.75,5.7698868e-10,0.00021236600000000002
161.249995,5.7505915e-10,0.00019728132
161.749995,5.733562900000001e-10,0.00020810512999999998
162.25,5.715384000000001e-10,0.00021873321
162.75,5.699959e-10,0.00021395443
163.249995,5.681022299999999e-10,0.00021611288
163.749995,5.6683098e-10,0.00018313858999999998
164.25,5.6529173e-10,0.00018128680000000001
164.75,5.6385138e-10,0.00020282555
165.24999499999998,5.6263147e-10,0.00021005653
165.749995,5.6130433e-10,0.00024822306
166.25,5.601751e-10,0.00021164705999999998
166.750005,5.5882306e-10,0.00022423970000000001
167.25,5.576783399999999e-10,0.00022852714999999999
167.749995,5.5685296e-10,0.00023936797
168.25,5.557253e-10,0.00018530214
168.750005,5.5512879e-10,0.00021647347
169.250005,5.541409499999999e-10,0.00016891239
169.75,5.5314641e-10,0.00020197713999999998
170.25,5.5231561e-10,0.00020986976
170.74999499999998,5.519619400000001e-10,0.00020292046000000002
171.24999499999998,5.510219499999999e-10,0.0002001776
171.75,5.5028038e-10,0.00021968884
172.24999999999997,5.497598299999999e-10,0.000200311
172.74999499999998,5.491222300000001e-10,0.00027273145
173.24999499999998,5.486496399999999e-10,0.00021384405
173.75,5.4829329e-10,0.00025928554999999997
174.25,5.4778787e-10,0.00023626322000000003
174.749995,5.4745615e-10,0.00022356668
175.249995,5.471420000000001e-10,0.00022543147
175.75000000000003,5.466336699999999e-10,0.00020118566
176.25000500000002,5.463328e-10,0.00021723052
176.75,5.461938e-10,0.00020651605
177.249995,5.458307e-10,0.00023606189
177.75,5.4559961e-10,0.00019044142
178.25000500000002,5.4551562e-10,0.00026018398
178.750005,5.453872700000001e-10,0.00022900943
179.25,5.4522778e-10,0.00024036562
179.75,5.4533023e-10,0.00020072479
180.250005,5.4518017e-10,0.00026460854
180.75000500000002,5.4527662e-10,0.00023412124999999998
181.25,5.4527674e-10,0.00021222858
181.75,5.4532749e-10,0.00021844572999999998
182.249995,5.4531911e-10,0.00020909424999999998
182.74999499999998,5.4534053e-10,0.0002219376
183.24999999999997,5.4510875e-10,0.00023224564
183.75,5.4531044e-10,0.00023780314
184.249995,5.452524099999999e-10,0.00023189458999999999
184.74999499999998,5.4572348e-10,0.00020225756
185.25,5.4587581e-10,0.00020557097999999999
185.75,5.4611318e-10,0.0001936583
186.24999499999998,5.4653623e-10,0.00020438205
186.74999499999998,5.4646732e-10,0.00022308737
187.25,5.4683565e-10,0.00022822641
187.75000500000002,5.469867599999999e-10,0.00018918071
188.25,5.4748793e-10,0.00023386244
188.749995,5.4745591e-10,0.00022608181
189.25000000000003,5.480088900000001e-10,0.00021246509999999999
189.75000500000002,5.4842955e-10,0.00016968105
190.250005,5.4860493e-10,0.00022143342999999998
190.75,5.494112300000001e-10,0.0002585162
191.25,5.4948597e-10,0.00023108467
191.75000500000002,5.498813700000001e-10,0.00022087751
192.250005,5.5056385e-10,0.00021123409
192.75,5.5089191e-10,0.00019385625
193.25,5.5106526e-10,0.00022274559
193.74999499999998,5.5187393e-10,0.00016908996
194.24999499999998,5.5249356e-10,0.00018825106000000001
194.75,5.5308698e-10,0.00020739425
195.25,5.5351516e-10,0.00021654289
195.749995,5.5395113e-10,0.0002472523
196.24999499999998,5.545173800000001e-10,0.00020887941
196.74999999999997,5.550520700000001e-10,0.00019749464
197.250005,5.5563386e-10,0.00022075996000000002
197.75,5.560945700000001e-10,0.00022620386
198.24999499999998,5.5683748e-10,0.00024200605
198.75,5.5723649e-10,0.00022975197
199.25000500000002,5.5807648e-10,0.00019580609999999998
199.75,5.5864803e-10,0.00022064891
200.24999499999998,5.5943895e-10,0.00027344683000000004
200.75,5.6006364e-10,0.00022223625
201.25000500000002,5.608182400000001e-10,0.00022373265
201.75000500000002,5.609398900000001e-10,0.00019476838
202.25,5.6158233e-10,0.00020508223999999998
202.75,5.6269096e-10,0.00022197923000000003
203.249995,5.631235e-10,0.00021131220999999999
203.749995,5.6381593e-10,0.00022287939
204.25,5.6454021e-10,0.00023638381
204.75000000000003,5.6515419e-10,0.00020810133000000001
205.24999499999998,5.660482000000001e-10,0.00022566807
205.749995,5.6643988e-10,0.00020548796
206.25,5.67296e-10,0.00024089569
206.75,5.6718598e-10,0.00021534830000000002
207.24999499999998,5.6689169e-10,0.00019882066000000002
207.749995,5.396814700000001e-10,0.00019534908
208.25,8.3275899e-08,1.7253361e-05
208.750005,1.4912991e-11,0.001264483
209.25000000000003,1.4843514e-11,0.001604063
209.74999499999998,1.4847079e-11,0.001327156
210.25,1.4821828e-11,0.001255164
210.750005,1.4779084e-11,0.0013139700000000002
211.250005,1.4752137e-11,0.001186645
211.75,1.475936e-11,0.0014762739999999999
212.24999999999997,1.4722274e-11,0.0013607349999999999
212.750005,1.4673060000000002e-11,0.001429704
213.250005,1.4680553e-11,0.0014697080000000001
213.75000000000003,1.4640617e-11,0.001350188
214.25,1.4615885e-11,0.001274854
214.749995,1.4589664e-11,0.00118573
215.249995,1.4580026000000002e-11,0.00129361
215.75,1.4525301e-11,0.001363491
216.25,1.4538321e-11,0.001228637
216.749995,1.4521444e-11,0.001563512
217.249995,1.4510313e-11,0.001212971
217.75,1.4513747e-11,0.0012037200000000001
218.25000000000003,1.4451478000000001e-11,0.001096294
218.74999499999998,1.4481008e-11,0.001324956
219.249995,1.4446251e-11,0.001430717
219.75,1.4380646e-11,0.0011398719999999999
220.250005,1.4419752000000001e-11,0.001320265
220.75,1.4370197e-11,0.001285432
221.249995,1.4351321000000001e-11,0.0011354989999999999
221.75,1.4336928e-11,0.001245781
222.250005,1.4330174e-11,0.001226686
222.750005,1.4329145e-11,0.001263667
223.25,1.4283675e-11,0.001374742
223.75,1.4307298000000001e-11,0.001282645
224.24999499999998,1.4277159000000001e-11,0.00137562
224.74999499999998,1.4237024999999999e-11,0.001415606
225.25,1.4239718e-11,0.001356346
225.74999999999997,1.4253925e-11,0.001285349
226.24999499999998,1.4237094999999999e-11,0.001425798
226.74999499999998,1.4227239999999999e-11,0.0014206460000000002
227.25,1.4212406e-11,0.001174346
227.75,1.4230282e-11,0.001275502
228.249995,1.4178905e-11,0.001211527
228.749995,1.4213869e-11,0.001335612
229.25000000000003,1.4188906999999999e-11,0.001370249
229.75000500000002,1.4193201e-11,0.001526208
230.25,1.4154309e-11,0.0012013500000000001
230.749995,1.4148500000000001e-11,0.001177266
231.25,1.4176901000000001e-11,0.001169753
231.75000500000002,1.4105827999999999e-11,0.001470117
232.25000500000002,1.4100457e-11,0.0013161320000000002
232.75,1.4148901e-11,0.001281716
233.25,1.414031e-11,0.001207315
233.750005,1.4126642e-11,0.001408421
234.25000500000002,1.4152123e-11,0.001257949
234.75,1.4131800000000001e-11,0.001347326
235.25,1.4124937e-11,0.001336602
235.749995,1.411665e-11,0.00152021
236.24999499999998,1.4115408e-11,0.001277023
236.74999999999997,1.4097492e-11,0.001369364
237.25,1.4112859e-11,0.001493876
237.749995,1.4078963e-11,0.0011732090000000001
238.24999499999998,1.4100501e-11,0.0012819340000000002
238.75,1.4101688e-11,0.0013114029999999998
239.25,1.4062346e-11,0.001321192
239.74999499999998,1.4081947e-11,0.00150292
240.24999499999998,1.4055342e-11,0.001471415
240.75,1.4066493000000001e-11,0.001240739
241.25000500000002,1.4036898e-11,0.001414443
241.75,1.4081706e-11,0.001242254
242.249995,1.4111757999999999e-11,0.001242123
242.75000000000003,1.4029325e-11,0.001125274
243.25000500000002,1.408452e-11,0.0015078469999999999
243.750005,1.4053611000000001e-11,0.001331141
244.25,1.4097207e-11,0.001443171
244.74999999999997,1.4064454999999999e-11,0.001297007
245.25000500000002,1.407695e-11,0.001192929
245.75001,1.4025647e-11,0.001336361
246.25,1.4107887e-11,0.001287871
246.74999000000005,1.4077636e-11,0.001268577
247.24999,1.4075234999999999e-11,0.0014227119999999998
247.74999499999998,1.4057313000000001e-11,0.001445657
248.25,1.4068747e-11,0.001501535
248.75,1.4037161e-11,0.001336893
249.250005,1.3041667e-11,0.0012718960000000002
249.75001000000003,1.7083052999999998e-09,0.00012288261999999998
250.25000000000003,5.8987539e-12,0.002000099
250.74999000000003,5.8673218e-12,0.002204325
251.24999,5.8740015e-12,0.002462328
251.74999499999998,5.895778e-12,0.002193119
252.24999999999997,5.8704104e-12,0.002267254
252.75000500000002,5.85623e-12,0.002058468
253.25000999999997,5.8451205e-12,0.00206667
253.75001000000003,5.8286419e-12,0.0017195140000000001
254.25000000000003,5.8188580000000006e-12,0.0023151649999999997
254.74999000000003,5.8661562e-12,0.0019713910000000003
255.24999499999996,5.815078999999999e-12,0.002190091
255.75,5.8183455e-12,0.002117589
256.24999999999994,5.8310957e-12,0.002123206
256.750005,5.8213945999999995e-12,0.0020422879999999997
257.25001000000003,5.7971179e-12,0.002338239
257.75,5.8178803e-12,0.001935146
258.24999,5.79983e-12,0.001745458
258.74999,5.807047700000001e-12,0.002235499
259.249995,5.8267615000000006e-12,0.002162763
259.75,5.8063133e-12,0.001645252
260.24999999999994,5.8116357e-12,0.002045131
260.750005,5.7908615e-12,0.002035699
261.25001,5.7960128e-12,0.002276305
261.75,5.813767500000001e-12,0.001980377
262.24999,5.7890625e-12,0.0018229000000000001
262.74999,5.7773691e-12,0.002111691
263.249995,5.7875941e-12,0.0021013209999999997
263.75,5.7693505e-12,0.00199825
264.25000500000004,5.7920829000000006e-12,0.0020484459999999998
264.75001,5.7795842e-12,0.002219025
265.25001000000003,5.7898974e-12,0.0020745299999999998
265.75000000000006,5.7634693e-12,0.002211473
266.24999,5.7835277e-12,0.002243681
266.74999499999996,5.7697366e-12,0.002139876
267.25,5.7546163e-12,0.001900606
267.75,5.7711636e-12,0.001951272
268.25000500000004,5.7826769e-12,0.001973705
268.75001,5.7736111e-12,0.002023814
269.24999999999994,5.7716397000000005e-12,0.002237826
269.74998999999997,5.7261077e-12,0.002204923
270.24999,5.7632374e-12,0.002107494
270.74999499999996,5.7304245999999996e-12,0.00209114
271.25,5.7445054e-12,0.001971159
271.74999999999994,5.7378097e-12,0.002199888
272.250005,5.7428374e-12,0.002456965
272.75001000000003,5.7370389e-12,0.001946715
273.25,5.7516136000000004e-12,0.002033361
273.74999,5.7387292e-12,0.00192965
274.24999,5.771353699999999e-12,0.0019537540000000003
274.749995,5.7546476e-12,0.002069471
275.25,5.7544016e-12,0.001965686
275.750005,5.7645743000000004e-12,0.002345162
276.25001,5.7439138e-12,0.0020122070000000002
276.75001000000003,5.7264573999999995e-12,0.001903561
277.25000000000006,5.7401685000000005e-12,0.002408545
277.74999,5.7414018e-12,0.002109891
278.24999499999996,5.7436105e-12,0.0018476909999999998
278.75,5.7468687000000006e-12,0.002093347
279.25,5.7513003000000005e-12,0.001852717
279.75000500000004,5.7280195e-12,0.002069535
280.25001,5.7446963999999995e-12,0.002330988
280.74999999999994,5.7479797000000005e-12,0.0022285869999999998
281.24998999999997,5.741404e-12,0.002324875
281.74999,5.7465177e-12,0.0023077130000000003
282.24999499999996,5.7522243e-12,0.002243447
282.75,5.744203e-12,0.002502121
283.250005,5.7429133e-12,0.001845926
283.75001,5.726255499999999e-12,0.001923987
284.25001,5.742836e-12,0.002042454
284.74999999999994,5.748896e-12,0.002127709
285.24998999999997,5.747549000000001e-12,0.0020577300000000002
285.74999,5.743083e-12,0.0021229400000000002
286.249995,5.7558191e-12,0.002180572
286.75,5.7640013e-12,0.0018003939999999999
287.250005,5.7324842e-12,0.002355342
287.75001,5.7461666e-12,0.002047831
288.249995,5.7600378e-12,0.001950742
288.749985,5.7628727e-12,0.0023958969999999997
289.24998999999997,5.7620878e-12,0.002284966
289.749995,5.7341745e-12,0.002004364
290.25000000000006,5.7783636e-12,0.002212244
290.75,5.7591274e-12,0.001909218
291.25000500000004,5.7654493e-12,0.0019255169999999999
291.75001,5.7661928e-12,0.00178922
292.25,5.7828329e-12,0.002417277
292.74998999999997,5.7716288e-12,0.002117835
293.24999,5.7465531e-12,0.002142108
293.74999499999996,5.766909e-12,0.001895467
294.25,5.7782117e-12,0.002243235
294.750005,5.7572652e-12,0.002311879
295.25001000000003,5.7776047e-12,0.002166915
295.75001,5.768135e-12,0.0018496650000000001
296.24999999999994,5.794526300000001e-12,0.002253281
296.74998999999997,5.7794737e-12,0.0021865409999999997
297.249995,5.7819952e-12,0.002143486
297.75,5.7809101999999996e-12,0.0018542810000000002
298.25,5.7607326e-12,0.002089509
298.750005,5.7852371e-12,0.0019649539999999997
299.25001,5.7847355e-12,0.002096998
299.75,5.795614e-12,0.001833673
300.24998999999997,5.804891300000001e-12,0.002112099
300.74999,5.783759700000001e-12,0.002284746
301.249995,5.8009532e-12,0.001918349
301.75000000000006,5.786403599999999e-12,0.00231207
302.25,5.8252231e-12,0.002504363
302.750005,5.7998781999999995e-12,0.002164713
303.25001,5.8198789e-12,0.001914938
303.75,5.8078557999999994e-12,0.002075927
304.24998999999997,5.8145788000000006e-12,0.002088456
304.74999,5.7961724e-12,0.002359065
305.249995,5.7744414000000006e-12,0.002371808
305.75000000000006,5.8088644e-12,0.001983277
306.250005,5.8148453e-12,0.002097273
306.75001000000003,5.8160554e-12,0.002090981
307.25001,5.830605e-12,0.002189446
307.75,5.8208266000000004e-12,0.002154676
308.24998999999997,5.8236037e-12,0.0019391369999999998
308.749995,5.8173364e-12,0.001966676
309.24999999999994,5.8325913e-12,0.00206586
309.75,5.831183e-12,0.002175736
310.250005,5.8302539e-12,0.002256694
310.75001000000003,5.8537603000000005e-12,0.002323594
311.25,5.8521382e-12,0.0016866210000000001
311.74999,5.8128457999999994e-12,0.001932761
312.24998999999997,5.846118700000001e-12,0.0019633700000000003
312.749995,5.8378145999999996e-12,0.002185701
313.25,5.851405600000001e-12,0.002144267
313.75,5.853547e-12,0.0019213820000000001
314.250005,5.858752e-12,0.002063647
314.75001,5.849851299999999e-12,0.001606569
315.25,5.8828546e-12,0.001923582
315.74998999999997,5.8684996e-12,0.0021760209999999998
316.24999,5.8660144e-12,0.0019520689999999999
316.749995,5.8530695e-12,0.002283501
317.25000000000006,5.8703395e-12,0.002080693
317.750005,5.8809837e-12,0.001948413
318.25001000000003,5.8763735e-12,0.002177553
318.75001,5.8793876e-12,0.00190216
319.25,5.8678684e-12,0.002057359
319.74998999999997,5.8705873e-12,0.001905241
320.249995,5.876338e-12,0.002058152
320.74999999999994,5.4574966000000006e-12,0.002287416
321.25000000000006,1.9296872999999997e-09,0.00011243883
321.750005,1.0454808e-14,0.04146453
322.25001000000003,1.0172397e-14,0.051297810000000006
322.75,1.0757104e-14,0.04901103
323.24999,1.0200441e-14,0.051374510000000005
323.74998999999997,1.0103018e-14,0.05012046
324.249995,9.9427302e-15,0.04934399
324.74999999999994,8.9096064e-15,0.04745875
325.25,1.0077417000000001e-14,0.05594352
325.750005,9.2403969e-15,0.056825020000000004
326.25001,9.5963983e-15,0.052584030000000004
326.75,9.9431503e-15,0.055677830000000005
327.24999,9.273009899999999e-15,0.05183353
327.74998999999997,8.315119300000001e-15,0.057300409999999996
328.249995,9.352058700000001e-15,0.06129485
328.75,8.6587919e-15,0.06066438
329.250005,8.7558067e-15,0.05334001
329.75001000000003,7.9474196e-15,0.04961654
330.25001,8.335651300000001e-15,0.05295192
330.75,7.944438900000001e-15,0.059628600000000004
331.24998999999997,7.7465092e-15,0.05781494
331.749995,7.2412596e-15,0.06216565
332.24999999999994,8.1235418e-15,0.052007969999999994
332.75000000000006,7.4241266e-15,0.061282050000000005
333.250005,6.9862307000000006e-15,0.05311234
333.75001000000003,7.6713018e-15,0.06082215
334.25,7.0247940999999996e-15,0.05189905
334.74999,7.3475532e-15,0.05803634
335.24998999999997,7.0172663e-15,0.05444444
335.749995,6.9966366e-15,0.05271007
336.24999999999994,7.0027806000000005e-15,0.06244699
336.75,6.8458168e-15,0.05931795
337.250005,6.4267738e-15,0.06801483
337.75001000000003,6.5293538999999996e-15,0.07700931999999999
338.25,7.633186499999999e-15,0.05452275
338.74999,7.2816708e-15,0.06967846999999999
339.24998999999997,6.5973160000000004e-15,0.06270698000000001
339.749995,6.1539227e-15,0.0603996
340.25,6.6365335e-15,0.06703469000000001
340.750005,5.9467519999999995e-15,0.05840407
341.25001000000003,5.7769051999999995e-15,0.057869739999999996
341.749995,6.6325119e-15,0.06036138
342.249985,5.3209139e-15,0.06518418
342.74998999999997,4.847069e-15,0.07160994
343.249995,5.5585647e-15,0.06386006
343.75,5.309461300000001e-15,0.0680572
344.25000000000006,5.461688e-15,0.06842712
344.750005,4.6818584999999994e-15,0.07026994
345.25001000000003,5.043561600000001e-15,0.06987265
345.75000000000006,5.5212532e-15,0.06715064
346.24999,5.4427778e-15,0.06850940999999999
346.74998999999997,5.2881672000000006e-15,0.07529216
347.249995,4.9371045e-15,0.07225452
347.74999999999994,4.7842832e-15,0.07451697
348.250005,4.8303161e-15,0.06691255
348.75001,4.7293911e-15,0.08168349
349.25001000000003,4.7331388e-15,0.07425641
349.75,4.3724038e-15,0.07715966
350.24999,4.6100612e-15,0.07459634999999999
350.749995,4.305583e-15,0.08614833000000001
351.25,4.0203919999999995e-15,0.09454727
351.74999999999994,4.8054698e-15,0.06533543
352.250005,3.7201286e-15,0.0816655
352.75001,4.3386814e-15,0.08329276000000001
353.25,3.9059005e-15,0.09175061
353.74999,4.055202e-15,0.05949399
354.24999,4.1756264999999994e-15,0.083597
354.749995,3.4726306e-15,0.08482803
355.25,3.3369252e-15,0.0810924
355.75,3.8688904999999996e-15,0.08094733
356.250005,3.8664284999999995e-15,0.08422624000000001
356.75001000000003,3.4655056999999998e-15,0.07791752
357.25000000000006,3.0645781e-15,0.08972116
357.74999,3.1541647e-15,0.1091438
358.24998999999997,3.2312458999999997e-15,0.08841438
358.749995,3.4815177e-15,0.08715439999999999
359.25,3.1075642e-15,0.08727921
359.75000500000004,3.4549785e-15,0.07333506
360.25001,3.2724634e-15,0.09466097
360.75001000000003,3.1413858e-15,0.09559003
361.25,3.2045084e-15,0.08130996
361.74999,2.7193283e-15,0.09132284
362.24999499999996,3.7192247000000005e-15,0.0892306
362.75,2.3464291e-15,0.1149343
363.24999999999994,2.7943736000000002e-15,0.11117060000000001
363.750005,2.9319703999999997e-15,0.08465750999999999
364.25001000000003,2.5688056e-15,0.08319831000000001
364.75,3.2198699e-15,0.09383401
365.24999,2.4767894e-15,0.1102001
365.74999,2.1619007e-15,0.11357110000000001
366.249995,2.7426987e-15,0.08947458
366.75,2.5728661e-15,0.09515246
367.24999999999994,2.6848599e-15,0.10297100000000001
367.750005,1.7856362000000003e-15,0.09922654
368.25001000000003,2.2192346e-15,0.10448600000000001
368.75000000000006,2.4107587e-15,0.1183985
369.24999,2.3503361e-15,0.1168676
369.74999,2.2046664000000002e-15,0.12038360000000001
370.249995,2.2478015e-15,0.09929603999999999
370.75,1.821315e-15,0.11816639999999999
371.25000500000004,2.2391484e-15,0.11126150000000001
371.75001,2.0522883e-15,0.1230201
372.25001000000003,2.1231696000000002e-15,0.1116016
372.75000000000006,1.8012377e-15,0.1255054
373.24999,1.9443551e-15,0.10983760000000001
373.74999499999996,2.1910424999999997e-15,0.1072775
374.25,1.9792195e-15,0.1174209
374.75,1.7949312e-15,0.1092684
375.25000500000004,1.8676264999999998e-15,0.1228417
375.75001,1.7100994e-15,0.1470397
376.24999999999994,1.3309969999999999e-15,0.1318669
376.74998999999997,1.3058795000000001e-15,0.1290905
377.24999,1.6186900999999999e-15,0.1162663
377.749995,1.8202068000000002e-15,0.09667556
378.25,2.1103434999999997e-15,0.1203959
378.74999999999994,1.1931413e-15,0.1664657
379.250005,1.7027283e-15,0.1345914
379.75001,1.4364479999999999e-15,0.1393974
380.25,1.4400121e-15,0.1245115
380.74999,1.3841612000000002e-15,0.1207243
381.24999,1.3067833e-15,0.13614010000000001
381.749995,1.0638835e-15,0.18625740000000002
382.25,1.3759536000000001e-15,0.1243696
382.750005,1.1927740000000001e-15,0.14442349999999998
383.25001,1.3331227000000002e-15,0.1340845
383.75001000000003,1.50407e-15,0.136162
384.25000000000006,1.1618757e-15,0.144981
384.74999,1.2689978e-15,0.14798730000000002
385.24999499999996,8.618420399999999e-16,0.159127
385.75,1.3106196e-15,0.1489348
386.25,9.9760278e-16,0.1776427
386.75000500000004,1.3704952000000002e-15,0.11867330000000001
387.25001,1.2514417000000002e-15,0.14426360000000002
387.74999999999994,1.3265253e-15,0.1198971
388.24998999999997,9.2570074e-16,0.1775025
388.74999,1.2493139999999999e-15,0.09976842
389.24999499999996,1.1120691e-15,0.15454510000000002
389.75,1.2626494e-15,0.15634230000000002
390.25,7.9154466e-16,0.1657021
390.75000500000004,1.1649752e-15,0.1522056
391.25001,1.0241872e-15,0.1515788
391.74999999999994,9.9893904e-16,0.1374009
392.24998999999997,1.2582232e-15,0.1268039
392.74999,9.581089299999999e-16,0.1610462
393.249995,7.161285999999999e-16,0.1721649
393.75,8.8311636e-16,0.1765624
394.250005,8.225832799999999e-16,0.16080190000000003
394.75001,4.8603499e-16,0.2057321
395.249995,7.9073437e-16,0.1820842
395.749985,9.5120833e-16,0.1566755
396.24998999999997,1.2429733e-15,0.1384338
396.749995,6.7704126e-16,0.1772614
397.25000000000006,7.4759543e-16,0.175783
397.75,6.3524014e-16,0.2129568
398.25000500000004,5.4792454e-16,0.2195568
398.75001,6.1459388e-16,0.20233720000000002
399.25,7.069972400000001e-16,0.2186832
399.74998999999997,4.3489947999999997e-16,0.25845
400.24999,6.7122652e-16,0.1902991
400.74999499999996,5.9584582e-16,0.19227170000000002
401.25,6.3879985e-16,0.1920299
401.750005,6.0329935e-16,0.186419
402.25001000000003,5.4872784e-16,0.18389209999999998
402.75001,5.9076927e-16,0.2253966
403.24999999999994,6.6129791e-16,0.20761839999999998
403.74998999999997,4.4425938e-16,0.2301353
404.249995,3.4977979e-16,0.2616274
404.75,4.655960099999999e-16,0.21087060000000002
405.25,4.1993659e-16,0.2859071
405.750005,4.3117764999999997e-16,0.2801762
406.25001,4.4516202e-16,0.2084139
406.749995,4.0886863000000003e-16,0.25056049999999996
407.24998500000004,5.0272836e-16,0.21218489999999998
407.74999,3.0758127000000003e-16,0.26144290000000003
408.249995,4.0272116e-16,0.2614809
408.75000000000006,4.5798559e-16,0.22165400000000002
409.25,3.8182165999999996e-16,0.2357174
409.750005,4.0025547e-16,0.2265891
410.25001,3.8244113e-16,0.2676831
410.75,2.5119337000000003e-16,0.2993441
411.24998999999997,2.9564279e-16,0.2832565
411.74999,4.764314500000001e-16,0.22477219999999998
412.249995,2.1135162e-16,0.3176469
412.75000000000006,2.4971678000000003e-16,0.34034689999999995
413.250005,3.1536923e-16,0.267074
413.75001000000003,2.9545652e-16,0.2805977
414.25001,3.9089068e-16,0.227615
414.74999999999994,2.8068975000000003e-16,0.3414206
415.24998999999997,3.9690576e-16,0.2446702
415.749995,3.742921e-16,0.2685493
416.24999999999994,4.0323567e-16,0.23684000000000002
416.75,2.3272488999999997e-16,0.3689678
417.250005,2.5437887999999996e-16,0.3456917
417.75001000000003,3.0229574e-16,0.2856037
418.25,1.8601996e-16,0.33331299999999997
418.74999,4.0039727e-16,0.2639987
419.24998999999997,2.8873265000000003e-16,0.3043785
419.749995,3.2141505999999996e-16,0.2975517
420.25,2.8012606e-16,0.2883407
420.75,1.1361797e-16,0.45728050000000003
421.250005,2.5654222999999997e-16,0.2827055
421.75001,1.8939178e-16,0.34745669999999995
422.25,1.6775314e-16,0.3564294
422.74998999999997,2.0952444e-16,0.2992147
423.24999,2.3621996000000003e-16,0.3141586
423.749995,2.6458691e-16,0.36506970000000005
424.25000000000006,1.5857801000000002e-16,0.3464272
424.750005,7.5822452e-17,0.5273818
425.25001000000003,1.4793961000000001e-16,0.3755702
425.75001,2.0176852e-16,0.3921899
426.25,1.4058459e-16,0.4510008
426.74998999999997,1.69846e-16,0.3704834
427.249995,1.7560035e-16,0.34167299999999995
427.74999999999994,9.7192691e-17,0.49518059999999997
428.25,7.4123707e-17,0.5583719
428.750005,5.6399239e-17,0.6454993
429.25001000000003,1.3548745e-16,0.4185292
429.75,2.0259899000000001e-16,0.34843989999999997
430.24999,9.232749299999999e-17,0.43315359999999997
430.74998999999997,5.1525602999999997e-17,0.7506331
431.249995,1.7328343e-16,0.38020539999999997
431.75,1.3276179999999998e-16,0.4412791
432.25,2.3313369000000002e-17,0.7523742
432.750005,8.1491203e-17,0.6530654
433.25001,1.7839225000000001e-16,0.36292700000000006
433.75,1.8067574e-16,0.3854036
434.24999,1.2647544e-16,0.4960263
434.74998999999997,4.8838255999999997e-17,0.7052231999999999
435.249995,8.3435397e-17,0.5714047
435.75000000000006,6.757587500000001e-17,0.5411996
436.250005,9.9474498e-17,0.4985913
436.75001000000003,8.5136134e-17,0.552575
437.249995,3.2168809e-17,0.8790412000000001
437.749985,2.556722e-17,0.8518405
438.24998999999997,1.4388351e-17,0.6255109999999999
438.749995,1.643997e-16,0.41504080000000004
439.24999999999994,5.446792e-17,0.5870846000000001
439.75000000000006,5.6161142e-17,0.7122991000000001
440.250005,1.981912e-17,0.9473206000000001
440.75001000000003,6.2716173e-17,0.659201
441.25,6.376785900000001e-17,0.6112418000000001
441.74999,4.015872e-17,0.6803024000000001
442.24998999999997,3.7863192e-17,0.5539763
442.749995,1.1993666000000002e-16,0.43837519999999996
443.24999999999994,1.1524329e-16,0.49262569999999994
443.75,2.6980137e-18,0.6278047999999999
444.250005,1.439854e-18,0.99
444.75001000000003,5.850832299999999e-17,0.7180485
445.25,3.7911941e-17,0.6384322
445.74999,6.2314164e-18,0.7096217
446.24998999999997,9.296624599999999e-17,0.5307323
446.749995,1.6172327e-16,0.4160773
447.25,3.9861413e-17,0.6860993999999999
447.750005,0.0,0.0
448.25001000000003,3.8534977e-17,0.8478355000000001
448.749995,1.5269448999999999e-18,0.99
449.249985,6.4897844e-17,0.6580710000000001
449.74998999999997,2.1184942999999998e-17,0.9825314
450.249995,1.0087618e-17,0.6861773
450.75,3.6336995999999996e-17,0.7047636
451.25000000000006,5.3440715e-19,0.7022037
451.750005,0.0,0.0
452.25001000000003,2.7788826e-18,0.99
452.75,1.9611203e-17,0.7190221
453.24999,2.6999369999999997e-17,0.8783863
453.74998999999997,0.0,0.0
454.249995,1.1696529e-18,0.99
454.74999999999994,1.5859279000000003e-17,0.7184180000000001
455.250005,2.4090421e-17,0.877011
455.75001,5.1140728000000004e-18,0.99
456.25001000000003,0.0,0.0
456.75,6.194810599999999e-17,0.6770075
457.24999,0.0,0.0
457.74998999999997,0.0,0.0
458.249995,3.3255467e-18,0.99
458.74999999999994,3.5470317999999996e-17,0.9604738999999999
459.250005,0.0,0.0
459.75001,2.7388246e-17,0.99
460.24999499999996,9.4239798e-18,0.99
460.74998500000004,5.6573123e-18,0.99
461.24999,0.0,0.0
461.749995,5.445781e-18,0.99
462.25,0.0,0.0
462.75,2.9395385999999998e-18,0.99
463.250005,0.0,0.0
463.75001000000003,0.0,0.0
464.25000000000006,0.0,0.0
464.74999,0.0,0.0
465.24998999999997,0.0,0.0
465.749995,1.7864507e-17,0.99
466.25,0.0,0.0
466.75000500000004,5.6931946e-18,0.99
467.25001,0.0,0.0
467.75001000000003,0.0,0.0
468.25,1.0596162999999999e-17,0.99
468.74999,3.7536012e-19,0.99
469.24999499999996,1.1750367e-17,0.99
469.75,0.0,0.0
470.24999999999994,0.0,0.0
470.750005,0.0,0.0
471.25001000000003,4.2778313e-19,0.99
471.75,0.0,0.0
472.24999,0.0,0.0
472.74999,0.0,0.0
473.249995,0.0,0.0
473.75,0.0,0.0
474.24999999999994,0.0,0.0
474.750005,0.0,0.0
475.25001000000003,0.0,0.0
475.75000000000006,0.0,0.0
476.24999,0.0,0.0
476.74999,0.0,0.0
477.249995,0.0,0.0
477.75,0.0,0.0
478.25000500000004,1.5727234e-18,0.99
478.75001,0.0,0.0
479.25001000000003,0.0,0.0
479.75000000000006,0.0,0.0
480.24999,0.0,0.0
480.74999499999996,0.0,0.0
481.25,0.0,0.0
481.75,0.0,0.0
482.25000500000004,0.0,0.0
482.75001,0.0,0.0
483.24999999999994,0.0,0.0
483.74998999999997,0.0,0.0
484.24999,0.0,0.0
484.749995,0.0,0.0
485.25,0.0,0.0
485.74999999999994,0.0,0.0
486.250005,0.0,0.0
486.75001,0.0,0.0
487.25,0.0,0.0
487.74998999999997,0.0,0.0
488.24999,0.0,0.0
488.74999500000007,0.0,0.0
489.25,0.0,0.0
489.75000500000004,0.0,0.0
490.25001,0.0,0.0
490.75001000000003,0.0,0.0
491.25001499999996,0.0,0.0
491.7500199999999,0.0,0.0
492.25002,0.0,0.0
492.74999499999996,0.0,0.0
493.24997,0.0,0.0
493.74997500000006,0.0,0.0
494.24998,0.0,0.0
494.74998500000004,0.0,0.0
495.2499900000001,0.0,0.0
495.7499899999999,0.0,0.0
496.24999499999996,0.0,0.0
496.75,0.0,0.0
497.25000000000006,0.0,0.0
497.75000500000004,0.0,0.0
498.25001,0.0,0.0
498.750015,0.0,0.0
499.25002000000006,0.0,0.0
499.75002,0.0,0.0
