Timestamp,Evaluation timestamp,Software version,Set,Group,Element,DarkValue,RefLightValue,HeatingProfileName,MeasuredDose []:,MeasuredCounts,Curve type,Curve unit,0,0.1,0.2,0.3,0.4,0.5,0.6,0.7,0.8,0.9,1,1.1,1.2,1.3,1.4,1.5,1.6,1.7,1.8,1.9,2,2.1,2.2,2.3,2.4,2.5,2.6,2.7,2.8,2.9,3,3.1,3.2,3.3,3.4,3.5,3.6,3.7,3.8,3.9,4,4.1,4.2,4.3,4.4,4.5,4.6,4.7,4.8,4.9,5,5.1,5.2,5.3,5.4,5.5,5.6,5.7,5.8,5.9,6,6.1,6.2,6.3,6.4,6.5,6.6,6.7,6.8,6.9,7,7.1,7.2,7.3,7.4,7.5,7.6,7.7,7.8,7.9,8,8.1,8.2,8.3,8.4,8.5,8.6,8.7,8.8,8.9,9,9.1,9.2,9.3,9.4,9.5,9.6,9.7,9.8,9.9,10,10.1,10.2,10.3,10.4,10.5,10.6,10.7,10.8,10.9,11,11.1,11.2,11.3,11.4,11.5,11.6,11.7,11.8,11.9,12,12.1,12.2,12.3,12.4,12.5,12.6,12.7,12.8,12.9,13,13.1,13.2,13.3,13.4,13.5,13.6,13.7,13.8,13.9,14,14.1,14.2,14.3,14.4,14.5,14.6,14.7,14.8,14.9,15,15.1,15.2,15.3,15.4,15.5,15.6,15.7,15.8,15.9,16,16.1,16.2,16.3,16.4,16.5,16.6,16.7,16.8,16.9,17,17.1,17.2,17.3,17.4,17.5,17.6,17.7,17.8,17.9,18,18.1,18.2,18.3,18.4,18.5,18.6,18.7,18.8,18.9,19,19.1,19.2,19.3,19.4,19.5,19.6,19.7,19.8,19.9,20,20.1,20.2,20.3,20.4,20.5,20.6,20.7,20.8,20.9,21,21.1,21.2,21.3,21.4,21.5,21.6,21.7,21.8,21.9,22,22.1,22.2,22.3,22.4,22.5,22.6,22.7,22.8,22.9,23,23.1,23.2,23.3,23.4,23.5,23.6,23.7,23.8,23.9,24,24.1,24.2,24.3,24.4,24.5,24.6,24.7,24.8,24.9,25,25.1,25.2,25.3,25.4,25.5,25.6,25.7,25.8,25.9,26,26.1,26.2,26.3,26.4,26.5,26.6,26.7,26.8,26.9,27,27.1,27.2,27.3,27.4,27.5,27.6,27.7,27.8,27.9,28,28.1,28.2,28.3,28.4,28.5,28.6,28.7,28.8,28.9,29,29.1,29.2,29.3,29.4,29.5,29.6,29.7,29.8,29.9,30,30.1,30.2,30.3,30.4,30.5,30.6,30.7,30.8,30.9,31,31.1,31.2,31.3,31.4,31.5,31.6,31.7,31.8,31.9,32,32.1,32.2,32.3,32.4,32.5,32.6,32.7,32.8,32.9,33,33.1,33.2,33.3,33.4,33.5,33.6,33.7,33.8,33.9,34,34.1,34.2,34.3,34.4,34.5,34.6,34.7,34.8,34.9,35,35.1,35.2,35.3,35.4,35.5,35.6,35.7,35.8,35.9,36,36.1,36.2,36.3,36.4,36.5,36.6,36.7,36.8,36.9,37,37.1,37.2,37.3,37.4,37.5,37.6,37.7,37.8,37.9,38,38.1,38.2,38.3,38.4,38.5,38.6,38.7,38.8,38.9,39,39.1,39.2,39.3,39.4,39.5,39.6,39.7,39.8,39.9,40,40.1,40.2,40.3,40.4,40.5,40.6,40.7,40.8,40.9,41,41.1,41.2,41.3,41.4,41.5,41.6,41.7,41.8,41.9,42,42.1,42.2,42.3,42.4,42.5,42.6,42.7,42.8,42.9,43,43.1,43.2,43.3,43.4,43.5,43.6,,,,
20.03.2024 11:13:02,20.03.2024 11:14:50,Undefined,2024.03.18 - MTS (HR20),2024.03.18 - MTS (HR20)Z,13,,,MTS HR20,NaN,360676,Counts measured,,3,3,3,2,1,2,5,6,7,8,11,15,20,23,22,21,20,20,20,19,17,16,15,14,11,7,3,1,0,0,0,0,0,2,3,4,4,4,4,4,5,7,9,9,8,7,7,7,8,9,9,7,4,2,3,7,11,15,17,20,23,24,24,27,31,35,35,34,34,37,47,64,84,99,101,98,105,125,144,163,194,237,278,312,354,420,508,599,679,754,836,936,1055,1191,1331,1467,1603,1763,1964,2183,2394,2619,2899,3236,3611,4006,4431,4883,5333,5780,6248,6754,7308,7904,8509,9148,9887,10675,11393,12021,12595,13061,13236,12931,12164,11137,9966,8638,7187,5755,4482,3435,2623,2028,1610,1333,1173,1100,1075,1068,1055,1029,1008,1009,1026,1025,991,958,944,926,889,853,830,817,808,794,774,763,770,783,785,773,755,733,702,665,632,617,620,632,639,636,628,617,604,588,564,529,500,489,490,490,488,479,466,466,484,495,480,446,415,403,413,426,429,423,421,431,435,419,391,363,335,315,312,324,340,348,350,342,323,298,283,285,293,289,282,281,284,284,275,256,242,250,265,271,265,250,234,227,226,220,219,233,252,263,263,252,231,213,211,216,216,217,225,230,223,213,206,202,197,191,186,186,192,196,193,195,202,206,204,199,192,190,197,206,209,209,207,201,193,192,197,200,196,191,191,197,204,206,201,192,190,194,193,189,191,202,210,206,193,184,182,180,170,162,163,170,177,185,184,169,154,153,159,159,154,150,148,146,143,139,137,147,168,183,181,177,180,184,183,173,161,155,161,167,161,149,148,159,164,156,145,143,149,156,162,169,174,169,157,147,146,149,149,146,146,149,155,163,167,166,166,169,168,164,164,166,161,151,147,155,159,152,147,162,186,192,179,160,146,141,149,159,161,162,165,171,179,184,184,177,167,160,160,160,150,137,138,153,168,171,160,148,145,144,139,132,134,145,155,161,160,156,152,152,152,150,147,146,145,144,138,128,125,135,151,159,158,152,149,154,161,165,164,163,168,177,182,179,170,160,153,152,150,139,123,,,,
20.03.2024 11:13:02,20.03.2024 11:14:50,Undefined,2024.03.18 - MTS (HR20),2024.03.18 - MTS (HR20)Z,13,,,MTS HR20,NaN,360676,Temperature measured,°C,39.7,39.7,39.7,39.7,39.7,39.7,39.7,39.7,39.7,39.7,39.7,39.7,39.8,40,40.4,41.2,42.3,43.9,46,48.6,51.6,55,58.5,62,65.5,68.7,71.7,74.3,76.7,78.7,80.5,82.1,83.5,84.7,85.9,87.1,88.2,89.5,90.8,92.3,94,95.9,98.1,100.4,102.9,105.6,108.3,111.1,113.8,116.4,118.9,121.3,123.5,125.6,127.5,129.3,131,132.6,134.2,135.8,137.4,139,140.7,142.5,144.4,146.4,148.5,150.8,153.1,155.5,157.9,160.3,162.7,165.1,167.4,169.6,171.8,173.8,175.8,177.7,179.5,181.3,183.1,184.8,186.6,188.4,190.2,192.1,194.1,196.1,198.2,200.4,202.6,204.8,207.1,209.4,211.7,213.9,216.1,218.3,220.4,222.4,224.4,226.4,228.3,230.1,232,233.8,235.7,237.5,239.4,241.4,243.4,245.4,247.5,249.6,251.7,253.9,256.1,258.3,260.5,262.7,264.8,267,269,271.1,273.1,275,276.9,278.7,280.4,282,283.6,285.1,286.5,287.8,289.1,290.2,291.3,292.4,293.3,294.3,295.1,296,296.7,297.5,298.1,298.8,299.4,299.9,300.4,300.8,301.2,301.6,301.9,302.1,302.3,302.4,302.4,302.4,302.4,302.3,302.1,302,301.8,301.6,301.3,301.1,300.9,300.7,300.5,300.4,300.2,300.2,300.1,300.1,300.1,300.1,300.1,300.2,300.3,300.4,300.5,300.6,300.8,300.9,300.9,301,301.1,301.1,301.1,301.2,301.1,301.1,301.1,301,301,300.9,300.8,300.8,300.7,300.7,300.6,300.5,300.5,300.5,300.5,300.4,300.4,300.4,300.5,300.5,300.5,300.5,300.6,300.6,300.6,300.6,300.7,300.7,300.7,300.7,300.7,300.7,300.7,300.7,300.7,300.7,300.7,300.7,300.6,300.6,300.6,300.6,300.6,300.5,300.5,300.5,300.5,300.5,300.5,300.5,300.5,300.5,300.5,300.5,300.5,300.5,300.5,300.5,300.5,300.5,300.5,300.5,300.5,300.5,300.5,300.5,300.5,300.5,300.5,300.5,300.5,300.5,300.5,300.5,300.5,300.5,300.5,300.5,300.4,300.4,300.4,300.4,300.4,300.4,300.4,300.4,300.4,300.4,300.4,300.4,300.4,300.4,300.4,300.4,300.4,300.4,300.4,300.4,300.4,300.4,300.4,300.4,300.4,300.4,300.4,300.4,300.4,300.4,300.4,300.4,300.4,300.4,300.4,300.4,300.4,300.4,300.4,300.4,300.4,300.4,300.4,300.4,300.4,300.4,300.4,300.4,300.3,300.3,300.3,300.3,300.3,300.3,300.3,300.3,300.3,300.3,300.3,300.3,300.3,300.3,300.3,300.3,300.3,300.3,300.3,300.3,300.3,300.3,300.3,300.3,300.3,300.3,300.3,300.3,300.3,300.3,300.3,300.3,300.3,300.3,300.3,300.3,300.3,300.3,300.3,300.3,300.3,300.3,300.3,300.3,300.3,300.3,300.3,300.3,300.3,300.3,300.3,300.3,300.3,300.2,300.2,300.2,300.2,300.2,300.2,300.2,300.2,300.2,300.2,300.2,300.2,300.2,300.2,300.2,300.2,300.2,300.2,300.2,300.2,300.2,300.2,300.2,300.2,300.2,300.2,300.2,300.2,300.2,300.2,300.2,300.2,300.2,300.2,300.2,300.2,300.2,300.2,300.2,300.2,300.2,300.2,300.2,300.2,300.2,300.2,300.2,300.2,300.2,300.2,300.2,300.2,300.2,300.2,300.2,300.2,300.2,300.2,300.2,300.2,300.2,300.2,300.2,300.2,300.2,300.2,300.2,300.2,300.2,300.2
20.03.2024 11:13:02,20.03.2024 11:14:50,Undefined,2024.03.18 - MTS (HR20),2024.03.18 - MTS (HR20)Z,13,,,MTS HR20,NaN,360676,Temperature setpoint,°C,25.2,26.2,28.2,30.2,32.2,34.2,36.2,38.2,40.2,42.2,44.2,46.2,48.2,50.2,52.2,54.2,56.2,58.2,60.2,62.2,64.2,66.2,68.2,70.2,72.2,74.2,76.2,78.2,80.2,82.2,84.2,86.2,88.2,90.2,92.2,94.2,96.2,98.2,100.2,102.2,104.2,106.2,108.2,110.2,112.2,114.2,116.2,118.2,120.2,122.2,124.2,126.2,128.2,130.2,132.2,134.2,136.2,138.2,140.2,142.2,144.2,146.2,148.2,150.2,152.2,154.2,156.2,158.2,160.2,162.2,164.2,166.2,168.2,170.2,172.2,174.2,176.2,178.2,180.2,182.2,184.2,186.2,188.2,190.2,192.2,194.2,196.2,198.2,200.2,202.2,204.2,206.2,208.2,210.2,212.2,214.2,216.2,218.2,220.2,222.2,224.2,226.2,228.2,230.2,232.2,234.2,236.2,238.2,240.2,242.2,244.2,246.2,248.2,250.2,252.2,254.2,256.2,258.2,260.2,262.2,264.2,266.2,268.2,270.2,272.2,274.2,276.2,278.2,280.2,282.2,284.2,286.2,288.2,290.2,292.2,294.2,296.2,298.2,299.6,300,300.6667,301.3333,301.9999667,302.6666167,303.3332667,303.9999167,304.6665667,305.3332167,305.9998667,306.6665167,307.3331667,307.9998167,308.6664667,309.3331167,309.9997667,310.6664167,311.3330667,311.9997167,312.6663667,313.3330167,313.9996667,314.6663167,315.3329667,315.9996167,316.6662667,317.3329167,317.9995667,318.6662167,319.3328667,319.9995167,320.6661667,321.3328167,321.9994667,322.6661167,323.3327667,323.9994167,324.6660667,325.3327167,325.9993667,326.6660167,327.3326667,327.9993167,328.6659667,329.3326167,329.9992667,330.6659167,331.3325667,331.9992167,332.6658667,333.3325167,333.9991667,334.6658167,335.3324667,335.9991167,336.6657667,337.3324167,337.9990667,338.6657167,339.3323667,339.9990167,340.6656667,341.3323167,341.9989667,342.6656167,343.3322667,343.9989167,344.6655667,345.3322167,345.9988667,346.6655167,347.3321667,347.9988167,348.6654667,349.3321167,349.9987667,350.6654167,351.3320667,351.9987167,352.6653667,353.3320167,353.9986667,354.6653167,355.3319667,355.9986167,356.6652667,357.3319167,357.9985667,358.6652167,359.3318667,359.9985167,360.6651667,361.3318167,361.9984667,362.6651167,363.3317667,363.9984167,364.6650667,365.3317167,365.9983667,366.6650167,367.3316667,367.9983167,368.6649667,369.3316167,369.9982667,370.6649167,371.3315667,371.9982167,372.6648667,373.3315167,373.9981667,374.6648167,375.3314667,375.9981167,376.6647667,377.3314167,377.9980667,378.6647167,379.3313667,379.9980167,380.6646667,381.3313167,381.9979667,382.6646167,383.3312667,383.9979167,384.6645667,385.3312167,385.9978667,386.6645167,387.3311667,387.9978167,388.6644667,389.3311167,389.9977667,390.6644167,391.3310667,391.9977167,392.6643667,393.3310167,393.9976667,394.6643167,395.3309667,395.9976167,396.6642667,397.3309167,397.9975667,398.6642167,399.3308667,399.9975167,400.6641667,401.3308167,401.9974667,402.6641167,403.3307667,403.9974167,404.6640667,405.3307167,405.9973667,406.6640167,407.3306667,407.9973167,408.6639667,409.3306167,409.9972667,410.6639167,411.3305667,411.9972167,412.6638667,413.3305167,413.9971667,414.6638167,415.3304667,415.9971167,416.6637667,417.3304167,417.9970667,418.6637167,419.3303667,419.9970167,420.6636667,421.3303167,421.9969667,422.6636167,423.3302667,423.9969167,424.6635667,425.3302167,425.9968667,426.6635167,427.3301667,427.9968167,428.6634667,429.3301167,429.9967667,430.6634167,431.3300667,431.9967167,432.6633667,433.3300167,433.9966667,434.6633167,435.3299667,435.9966167,436.6632667,437.3299167,437.9965667,438.6632167,439.3298667,439.9965167,440.6631667,441.3298167,441.9964667,442.6631167,443.3297667,443.9964167,444.6630667,445.3297167,445.9963667,446.6630167,447.3296667,447.9963167,448.6629667,449.3296167,449.9962667,450.6629167,451.3295667,451.9962167,452.6628667,453.3295167,453.9961667,454.6628167,455.3294667,455.9961167,456.6627667,457.3294167,457.9960667,458.6627167,459.3293667,459.9960167,460.6626667,461.3293167,461.9959667,462.6626167,463.3292667,463.9959167,464.6625667,465.3292167,465.9958667,466.6625167,467.3291667,467.9958167,468.6624667,469.3291167,469.9957667,470.6624167,471.3290667,471.9957167,472.6623667,473.3290167,473.9956667,474.6623167,475.3289667,475.9956167,476.6622667,477.3289167,477.9955667,478.6622167,479.3288667,479.9955167,480.6621667,481.3288167,481.9954667,482.6621167,483.3287667,483.9954167,484.6620667,485.3287167,485.9953667,486.6620167,487.3286667,487.9953167,488.6619667,489.3286167,489.9952667,490.6619167,491.3285667,491.9952167,492.6618667,493.3285167,493.9951667,494.6618167,495.3284667,495.9951167,496.6617667,497.3284167,497.9950667,498.6617167,499.3283667,499.9950167,500.6616667
20.03.2024 11:15:21,20.03.2024 11:17:09,Undefined,2024.03.18 - MTS (HR20),2024.03.18 - MTS (HR20)Z,14,,,MTS HR20,NaN,424333,Counts measured,,58,58,58,57,56,57,57,52,43,32,25,24,25,26,24,24,26,30,32,34,36,38,37,36,37,39,41,40,36,31,27,25,24,23,24,28,32,34,34,33,34,36,38,39,37,35,33,32,32,32,33,35,36,38,41,46,50,49,45,40,40,43,47,50,52,54,56,58,59,59,61,63,65,65,62,60,60,66,72,74,73,76,83,90,97,107,124,147,174,201,230,263,298,330,361,402,461,540,623,702,797,920,1051,1175,1295,1401,1473,1540,1674,1895,2150,2393,2632,2890,3178,3512,3906,4360,4853,5369,5920,6528,7181,7860,8558,9252,9899,10466,11019,11645,12304,12878,13330,13668,13813,13655,13163,12401,11407,10219,8934,7654,6442,5306,4248,3303,2534,1982,1628,1408,1254,1141,1061,1003,956,930,930,942,945,930,914,907,899,870,836,813,799,780,758,749,758,767,767,760,747,735,720,696,674,664,661,664,674,688,696,690,670,649,632,613,606,622,646,660,655,638,626,633,652,666,663,640,614,606,615,623,615,593,567,551,552,561,564,559,552,541,529,521,505,485,472,474,482,484,487,494,500,495,480,459,437,419,410,412,420,429,432,424,411,404,415,436,447,442,424,404,393,391,393,400,411,408,384,355,345,354,361,351,332,321,324,332,331,324,319,320,317,304,284,275,284,297,300,294,285,277,272,267,259,255,264,284,301,301,291,286,287,289,287,281,273,270,274,281,283,275,258,243,240,245,250,253,253,256,269,287,294,285,272,260,240,224,226,237,237,237,247,258,258,251,245,240,234,226,222,230,239,242,243,243,234,216,207,211,223,233,242,252,259,259,251,241,230,223,226,233,236,232,226,228,242,254,245,218,191,182,190,200,208,218,234,250,253,236,207,188,189,200,204,195,181,177,190,212,222,215,207,206,208,206,195,178,162,157,165,181,195,208,219,226,223,220,220,221,219,218,212,199,187,186,187,187,187,193,205,219,230,234,225,206,187,181,185,191,196,203,215,228,231,215,191,178,182,189,191,189,187,187,192,198,200,207,219,222,211,194,178,,,,
20.03.2024 11:15:21,20.03.2024 11:17:09,Undefined,2024.03.18 - MTS (HR20),2024.03.18 - MTS (HR20)Z,14,,,MTS HR20,NaN,424333,Temperature measured,°C,46,46,46.1,46,46,45.9,45.9,45.8,45.8,45.8,45.7,45.7,45.7,45.6,45.7,45.8,46,46.4,47.2,48.3,49.9,52,54.6,57.6,60.9,64.4,68,71.5,74.8,77.8,80.4,82.8,84.9,86.7,88.2,89.6,90.9,92,93.1,94.3,95.5,96.8,98.2,99.9,101.8,103.9,106.2,108.8,111.4,114.2,117,119.7,122.4,125,127.4,129.6,131.7,133.7,135.5,137.1,138.7,140.3,141.8,143.4,144.9,146.6,148.3,150.2,152.2,154.3,156.6,158.9,161.3,163.8,166.3,168.7,171.1,173.5,175.7,177.9,180,181.9,183.8,185.6,187.4,189.1,190.8,192.5,194.3,196.1,197.9,199.9,201.9,204,206.2,208.4,210.7,213,215.4,217.7,220,222.2,224.4,226.5,228.5,230.5,232.4,234.3,236.1,237.9,239.7,241.6,243.4,245.3,247.2,249.1,251.2,253.3,255.4,257.6,259.8,262,264.3,266.5,268.7,270.9,273,275.1,277.1,278.9,280.7,282.4,283.9,285.4,286.7,287.9,289.1,290.2,291.2,292.1,293,293.8,294.6,295.4,296.2,296.9,297.6,298.2,298.9,299.5,300,300.6,301,301.4,301.8,302.1,302.3,302.4,302.5,302.5,302.5,302.4,302.2,302,301.8,301.5,301.3,301,300.8,300.6,300.4,300.2,300,299.9,299.8,299.8,299.8,299.9,299.9,300,300.2,300.3,300.4,300.6,300.7,300.8,300.9,301,301.1,301.1,301.2,301.2,301.2,301.1,301.1,301,300.9,300.9,300.8,300.7,300.6,300.6,300.5,300.4,300.4,300.4,300.3,300.3,300.3,300.4,300.4,300.4,300.4,300.5,300.5,300.6,300.6,300.6,300.7,300.7,300.7,300.7,300.7,300.7,300.7,300.7,300.7,300.7,300.6,300.6,300.6,300.6,300.5,300.5,300.5,300.5,300.5,300.5,300.4,300.4,300.4,300.4,300.5,300.5,300.5,300.5,300.5,300.5,300.5,300.5,300.5,300.5,300.5,300.5,300.5,300.5,300.5,300.5,300.5,300.5,300.5,300.5,300.5,300.5,300.5,300.5,300.4,300.4,300.4,300.4,300.4,300.4,300.4,300.4,300.4,300.4,300.4,300.4,300.4,300.4,300.4,300.4,300.4,300.4,300.4,300.4,300.4,300.4,300.4,300.4,300.4,300.4,300.4,300.4,300.4,300.4,300.4,300.4,300.4,300.4,300.4,300.4,300.4,300.4,300.4,300.4,300.3,300.3,300.4,300.4,300.3,300.3,300.3,300.4,300.3,300.3,300.3,300.3,300.3,300.3,300.3,300.3,300.3,300.3,300.3,300.3,300.3,300.3,300.3,300.3,300.3,300.3,300.3,300.3,300.3,300.3,300.3,300.3,300.3,300.3,300.3,300.3,300.3,300.3,300.3,300.3,300.3,300.3,300.3,300.3,300.3,300.3,300.3,300.3,300.3,300.3,300.3,300.3,300.3,300.3,300.3,300.3,300.3,300.3,300.3,300.2,300.2,300.2,300.2,300.2,300.2,300.2,300.2,300.2,300.2,300.2,300.2,300.2,300.2,300.2,300.2,300.2,300.2,300.2,300.2,300.2,300.2,300.2,300.2,300.2,300.2,300.2,300.2,300.2,300.2,300.2,300.2,300.2,300.2,300.2,300.2,300.2,300.2,300.2,300.2,300.2,300.2,300.2,300.2,300.2,300.2,300.2,300.2,300.2,300.2,300.2,300.2,300.2,300.2,300.2,300.2,300.2,300.2,300.2,300.2,300.2,300.2,300.2,300.2,300.2,300.2,300.2,300.2,300.2,300.2,300.2,300.2,300.2,300.2,300.2,300.2
20.03.2024 11:15:21,20.03.2024 11:17:09,Undefined,2024.03.18 - MTS (HR20),2024.03.18 - MTS (HR20)Z,14,,,MTS HR20,NaN,424333,Temperature setpoint,°C,25.1,26.1,28.1,30.1,32.1,34.1,36.1,38.1,40.1,42.1,44.1,46.1,48.1,50.1,52.1,54.1,56.1,58.1,60.1,62.1,64.1,66.1,68.1,70.1,72.1,74.1,76.1,78.1,80.1,82.1,84.1,86.1,88.1,90.1,92.1,94.1,96.1,98.1,100.1,102.1,104.1,106.1,108.1,110.1,112.1,114.1,116.1,118.1,120.1,122.1,124.1,126.1,128.1,130.1,132.1,134.1,136.1,138.1,140.1,142.1,144.1,146.1,148.1,150.1,152.1,154.1,156.1,158.1,160.1,162.1,164.1,166.1,168.1,170.1,172.1,174.1,176.1,178.1,180.1,182.1,184.1,186.1,188.1,190.1,192.1,194.1,196.1,198.1,200.1,202.1,204.1,206.1,208.1,210.1,212.1,214.1,216.1,218.1,220.1,222.1,224.1,226.1,228.1,230.1,232.1,234.1,236.1,238.1,240.1,242.1,244.1,246.1,248.1,250.1,252.1,254.1,256.1,258.1,260.1,262.1,264.1,266.1,268.1,270.1,272.1,274.1,276.1,278.1,280.1,282.1,284.1,286.1,288.1,290.1,292.1,294.1,296.1,298.1,299.6,300,300,300,300,300,300,300,300,300,300,300,300,300,300,300,300,300,300,300,300,300,300,300,300,300,300,300,300,300,300,300,300,300,300,300,300,300,300,300,300,300,300,300,300,300,300,300,300,300,300,300,300,300,300,300,300,300,300,300,300,300,300,300,300,300,300,300,300,300,300,300,300,300,300,300,300,300,300,300,300,300,300,300,300,300,300,300,300,300,300,300,300,300,300,300,300,300,300,300,300,300,300,300,300,300,300,300,300,300,300,300,300,300,300,300,300,300,300,300,300,300,300,300,300,300,300,300,300,300,300,300,300,300,300,300,300,300,300,300,300,300,300,300,300,300,300,300,300,300,300,300,300,300,300,300,300,300,300,300,300,300,300,300,300,300,300,300,300,300,300,300,300,300,300,300,300,300,300,300,300,300,300,300,300,300,300,300,300,300,300,300,300,300,300,300,300,300,300,300,300,300,300,300,300,300,300,300,300,300,300,300,300,300,300,300,300,300,300,300,300,300,300,300,300,300,300,300,300,300,300,300,300,300,300,300,300,300,300,300,300,300,300,300,300,300,300,300,300,300,300,300,300,300,300,300,300,300,300,300,300,300,300,300,300,300,300,300,300,300,300,300,300,300,300,300,300,300,300,300,300,300,300,300,300,300,300,300,300,300,300,300,300,300,300,300,300,300,300,300,170,170,300
20.03.2024 11:17:38,20.03.2024 11:19:26,Undefined,2024.03.18 - MTS (HR20),2024.03.18 - MTS (HR20)Z,15,,,MTS HR20,NaN,362688,Counts measured,,44,44,44,43,40,38,35,31,25,18,14,14,16,20,24,25,24,26,29,32,35,36,35,34,31,27,24,25,27,29,29,30,30,27,23,20,20,20,21,25,30,33,33,30,27,27,31,33,31,29,29,32,35,37,35,33,33,33,33,32,33,34,33,33,33,34,35,35,35,40,51,61,63,63,71,96,130,167,200,222,232,240,258,288,328,375,430,491,562,644,741,854,984,1122,1253,1374,1488,1599,1725,1905,2150,2406,2633,2864,3159,3522,3922,4348,4794,5250,5708,6182,6673,7159,7632,8123,8661,9251,9918,10672,11469,12210,12741,12943,12801,12360,11629,10589,9285,7872,6512,5257,4112,3137,2391,1867,1523,1319,1205,1126,1065,1027,1008,990,966,954,969,999,1022,1026,1008,979,954,938,928,920,906,884,859,828,782,736,717,727,743,744,727,702,686,686,685,668,639,614,597,593,596,591,568,531,499,496,517,545,566,574,553,519,500,498,491,475,467,469,465,448,431,424,421,420,418,420,427,435,431,418,409,401,378,338,301,284,283,286,290,306,328,335,324,311,304,300,301,313,326,324,305,289,278,265,251,250,255,253,246,241,239,239,246,256,258,251,240,226,214,212,218,223,221,218,219,222,219,211,203,198,200,206,204,198,199,210,219,215,201,185,178,185,195,196,193,190,186,185,190,197,198,193,189,194,201,197,185,173,166,156,146,145,151,154,156,162,169,170,170,172,172,169,167,163,157,151,150,157,164,164,158,149,143,145,152,157,159,160,158,148,139,136,139,145,149,146,141,136,136,140,143,142,140,142,144,143,141,140,139,139,139,140,142,142,139,140,143,145,145,143,139,136,138,139,140,144,153,156,153,151,155,156,147,134,128,130,133,132,127,124,128,136,140,135,132,133,130,122,120,127,138,144,146,148,147,140,134,135,141,142,139,143,151,150,137,123,119,122,126,124,118,111,107,111,122,133,136,131,121,113,106,103,106,115,121,123,125,132,138,139,137,134,131,124,116,111,114,120,122,118,111,107,109,116,119,118,118,122,121,116,113,,,,
20.03.2024 11:17:38,20.03.2024 11:19:26,Undefined,2024.03.18 - MTS (HR20),2024.03.18 - MTS (HR20)Z,15,,,MTS HR20,NaN,362688,Temperature measured,°C,46.9,47,47.1,47,46.9,46.9,46.8,46.8,46.8,46.7,46.7,46.6,46.6,46.6,46.6,46.6,46.8,47.1,47.7,48.6,49.9,51.7,54,56.8,60,63.4,66.9,70.5,73.9,77,79.9,82.4,84.6,86.6,88.3,89.7,91.1,92.3,93.4,94.6,95.7,97,98.4,100,101.7,103.7,106,108.4,111,113.7,116.4,119.2,121.9,124.5,127,129.3,131.5,133.5,135.4,137.1,138.8,140.4,141.9,143.5,145.1,146.7,148.4,150.2,152.2,154.2,156.4,158.7,161,163.5,165.9,168.3,170.8,173.1,175.4,177.6,179.7,181.7,183.7,185.5,187.3,189.1,190.8,192.6,194.3,196.1,198,199.9,201.9,203.9,206.1,208.3,210.5,212.8,215.1,217.4,219.7,221.9,224.1,226.2,228.3,230.3,232.3,234.2,236.1,237.9,239.7,241.6,243.4,245.3,247.2,249.1,251.1,253.2,255.3,257.4,259.6,261.8,264.1,266.3,268.5,270.7,272.8,274.9,276.9,278.8,280.6,282.3,283.9,285.3,286.7,288,289.1,290.2,291.2,292.2,293.1,293.9,294.7,295.5,296.2,296.9,297.6,298.2,298.8,299.4,300,300.5,301,301.4,301.7,302,302.2,302.4,302.5,302.5,302.5,302.4,302.2,302.1,301.9,301.6,301.4,301.1,300.9,300.7,300.5,300.3,300.1,300,299.9,299.9,299.9,299.9,299.9,300,300.1,300.3,300.4,300.5,300.7,300.8,300.9,301,301,301.1,301.1,301.1,301.1,301.1,301.1,301,300.9,300.9,300.8,300.7,300.7,300.6,300.5,300.5,300.4,300.4,300.4,300.3,300.3,300.4,300.4,300.4,300.4,300.5,300.5,300.5,300.6,300.6,300.6,300.7,300.7,300.7,300.7,300.7,300.7,300.7,300.7,300.7,300.6,300.6,300.6,300.6,300.5,300.5,300.5,300.5,300.5,300.4,300.4,300.4,300.4,300.4,300.4,300.4,300.4,300.5,300.5,300.5,300.5,300.5,300.5,300.5,300.5,300.5,300.5,300.5,300.5,300.5,300.5,300.5,300.5,300.5,300.5,300.5,300.5,300.4,300.4,300.4,300.4,300.4,300.4,300.4,300.4,300.4,300.4,300.4,300.4,300.4,300.4,300.4,300.4,300.4,300.4,300.4,300.4,300.4,300.4,300.4,300.4,300.4,300.4,300.4,300.4,300.4,300.4,300.4,300.4,300.4,300.4,300.4,300.4,300.4,300.4,300.3,300.3,300.3,300.3,300.3,300.3,300.3,300.3,300.3,300.3,300.3,300.3,300.3,300.3,300.3,300.3,300.3,300.3,300.3,300.3,300.3,300.3,300.3,300.3,300.3,300.3,300.3,300.3,300.3,300.3,300.3,300.3,300.3,300.3,300.3,300.3,300.3,300.3,300.3,300.3,300.3,300.3,300.3,300.3,300.3,300.3,300.3,300.3,300.3,300.3,300.3,300.3,300.3,300.3,300.3,300.3,300.3,300.3,300.2,300.2,300.2,300.2,300.2,300.2,300.2,300.2,300.2,300.2,300.2,300.2,300.2,300.2,300.2,300.2,300.2,300.2,300.2,300.2,300.2,300.2,300.2,300.2,300.2,300.2,300.2,300.2,300.2,300.2,300.2,300.2,300.2,300.2,300.2,300.2,300.2,300.2,300.2,300.2,300.2,300.2,300.2,300.2,300.2,300.2,300.2,300.2,300.2,300.2,300.2,300.2,300.2,300.2,300.2,300.2,300.2,300.2,300.2,300.2,300.2,300.2,300.2,300.2,300.2,300.2,300.2,300.2,300.2,300.2,300.2,300.2,300.2,300.2,300.2,300.2,300.2,300.2,300.2,300.2
20.03.2024 11:17:38,20.03.2024 11:19:26,Undefined,2024.03.18 - MTS (HR20),2024.03.18 - MTS (HR20)Z,15,,,MTS HR20,NaN,362688,Temperature setpoint,°C,25,26,28,30,32,34,36,38,40,42,44,46,48,50,52,54,56,58,60,62,64,66,68,70,72,74,76,78,80,82,84,86,88,90,92,94,96,98,100,102,104,106,108,110,112,114,116,118,120,122,124,126,128,130,132,134,136,138,140,142,144,146,148,150,152,154,156,158,160,162,164,166,168,170,172,174,176,178,180,182,184,186,188,190,192,194,196,198,200,202,204,206,208,210,212,214,216,218,220,222,224,226,228,230,232,234,236,238,240,242,244,246,248,250,252,254,256,258,260,262,264,266,268,270,272,274,276,278,280,282,284,286,288,290,292,294,296,298,299.5,300,300,300,300,300,300,300,300,300,300,300,300,300,300,300,300,300,300,300,300,300,300,300,300,300,300,300,300,300,300,300,300,300,300,300,300,300,300,300,300,300,300,300,300,300,300,300,300,300,300,300,300,300,300,300,300,300,300,300,300,300,300,300,300,300,300,300,300,300,300,300,300,300,300,300,300,300,300,300,300,300,300,300,300,300,300,300,300,300,300,300,300,300,300,300,300,300,300,300,300,300,300,300,300,300,300,300,300,300,300,300,300,300,300,300,300,300,300,300,300,300,300,300,300,300,300,300,300,300,300,300,300,300,300,300,300,300,300,300,300,300,300,300,300,300,300,300,300,300,300,300,300,300,300,300,300,300,300,300,300,300,300,300,300,300,300,300,300,300,300,300,300,300,300,300,300,300,300,300,300,300,300,300,300,300,300,300,300,300,300,300,300,300,300,300,300,300,300,300,300,300,300,300,300,300,300,300,300,300,300,300,300,300,300,300,300,300,300,300,300,300,300,300,300,300,300,300,300,300,300,300,300,300,300,300,300,300,300,300,300,300,300,300,300,300,300,300,300,300,300,300,300,300,300,300,300,300,300,300,300,300,300,300,300,300,300,300,300,300,300,300,300,300,300,300,300,300,300,300,300,300,300,300,300,300,300,300,300,300,300,300,300,300,300,300,300,300,300,300,170,170,300
20.03.2024 11:19:54,20.03.2024 11:21:42,Undefined,2024.03.18 - MTS (HR20),2024.03.18 - MTS (HR20)Z,16,,,MTS HR20,NaN,396076,Counts measured,,39,39,39,37,34,35,37,35,29,22,17,15,15,17,19,20,21,26,32,36,35,33,29,27,26,26,25,24,21,17,17,19,20,20,20,21,23,26,25,22,20,22,27,30,33,35,36,36,35,32,28,25,25,28,31,33,36,37,34,30,29,28,27,26,29,30,27,25,24,25,26,29,32,33,35,39,42,41,41,46,57,69,81,91,104,127,156,178,193,217,257,309,363,416,471,529,596,679,776,873,967,1072,1202,1345,1490,1651,1834,2010,2159,2305,2479,2698,2983,3369,3858,4376,4843,5299,5834,6443,7042,7607,8176,8781,9428,10093,10739,11344,11888,12382,12864,13238,13278,12923,12279,11387,10251,8972,7645,6285,4960,3819,2959,2337,1852,1468,1215,1090,1031,984,945,928,922,915,910,914,923,922,905,883,870,875,890,891,868,824,777,751,748,751,752,742,711,673,657,676,699,697,674,660,666,679,679,667,656,654,652,649,651,659,660,658,659,650,630,620,623,616,593,580,586,595,589,569,546,530,520,513,508,500,485,476,480,483,467,451,460,484,492,479,458,432,408,396,394,397,400,398,385,365,351,350,359,372,387,400,406,400,383,366,358,358,364,370,372,377,382,380,371,356,333,311,302,306,304,288,274,279,297,305,298,289,287,282,265,260,281,308,310,287,266,265,274,280,275,265,266,281,290,275,245,223,221,237,259,272,274,264,252,248,256,265,256,235,224,230,238,242,245,248,254,260,261,255,256,268,277,274,264,258,253,253,260,265,258,248,240,231,220,214,218,223,220,212,204,201,206,220,239,254,258,253,250,250,248,240,230,223,220,220,219,217,218,219,213,208,215,230,233,218,200,196,206,209,196,181,179,194,220,235,221,190,171,169,171,174,176,174,170,177,196,209,207,202,204,204,192,180,176,179,178,172,168,170,176,179,178,176,179,191,211,226,221,206,196,194,195,196,193,194,200,205,200,195,202,210,201,183,175,179,181,179,180,185,188,186,179,168,158,151,147,146,151,159,163,162,160,167,177,180,172,159,149,150,161,180,202,,,,
20.03.2024 11:19:54,20.03.2024 11:21:42,Undefined,2024.03.18 - MTS (HR20),2024.03.18 - MTS (HR20)Z,16,,,MTS HR20,NaN,396076,Temperature measured,°C,47.3,47.4,47.4,47.4,47.3,47.3,47.2,47.2,47.1,47.1,47,47,47,46.9,46.9,47,47.1,47.4,47.9,48.8,50.1,51.8,54.1,56.8,60,63.4,66.9,70.5,73.9,77.1,80,82.6,84.8,86.8,88.5,90,91.4,92.6,93.7,94.8,96,97.2,98.6,100.1,101.8,103.8,106,108.4,110.9,113.6,116.4,119.2,121.9,124.6,127.1,129.4,131.6,133.7,135.6,137.3,139,140.6,142.1,143.7,145.2,146.8,148.5,150.3,152.2,154.2,156.4,158.7,161,163.5,165.9,168.4,170.8,173.2,175.5,177.8,179.9,181.9,183.9,185.7,187.5,189.3,191,192.7,194.5,196.2,198.1,199.9,201.9,204,206.1,208.3,210.5,212.8,215.1,217.4,219.7,222,224.2,226.4,228.5,230.5,232.5,234.4,236.3,238.1,239.9,241.7,243.5,245.4,247.3,249.2,251.2,253.2,255.3,257.5,259.6,261.9,264.1,266.3,268.6,270.8,272.9,275,277,278.9,280.8,282.5,284,285.5,286.8,288.1,289.2,290.3,291.3,292.2,293.1,293.9,294.7,295.4,296.1,296.8,297.5,298.2,298.8,299.4,299.9,300.5,300.9,301.4,301.7,302,302.3,302.4,302.5,302.5,302.5,302.4,302.3,302.1,301.9,301.6,301.4,301.1,300.9,300.6,300.4,300.2,300.1,300,299.9,299.8,299.8,299.8,299.9,300,300.1,300.2,300.4,300.5,300.7,300.8,300.9,301,301.1,301.1,301.2,301.2,301.2,301.1,301.1,301,301,300.9,300.8,300.7,300.7,300.6,300.5,300.5,300.4,300.4,300.3,300.3,300.3,300.3,300.4,300.4,300.4,300.5,300.5,300.5,300.6,300.6,300.6,300.7,300.7,300.7,300.7,300.7,300.7,300.7,300.7,300.7,300.6,300.6,300.6,300.6,300.5,300.5,300.5,300.5,300.5,300.5,300.4,300.4,300.4,300.4,300.4,300.4,300.5,300.5,300.5,300.5,300.5,300.5,300.5,300.5,300.5,300.5,300.5,300.5,300.5,300.5,300.5,300.5,300.5,300.5,300.5,300.5,300.5,300.4,300.4,300.4,300.4,300.4,300.4,300.4,300.4,300.4,300.4,300.4,300.4,300.4,300.4,300.4,300.4,300.4,300.4,300.4,300.4,300.4,300.4,300.4,300.4,300.4,300.4,300.4,300.4,300.4,300.4,300.4,300.4,300.4,300.4,300.4,300.4,300.4,300.4,300.4,300.4,300.4,300.3,300.3,300.3,300.3,300.3,300.3,300.3,300.3,300.3,300.3,300.3,300.3,300.3,300.3,300.3,300.3,300.3,300.3,300.3,300.3,300.3,300.3,300.3,300.3,300.3,300.3,300.3,300.3,300.3,300.3,300.3,300.3,300.3,300.3,300.3,300.3,300.3,300.3,300.3,300.3,300.3,300.3,300.3,300.3,300.3,300.3,300.3,300.3,300.3,300.3,300.3,300.3,300.3,300.3,300.3,300.3,300.2,300.2,300.2,300.2,300.2,300.2,300.2,300.2,300.2,300.2,300.2,300.2,300.2,300.2,300.2,300.2,300.2,300.2,300.2,300.2,300.2,300.2,300.2,300.2,300.2,300.2,300.2,300.2,300.2,300.2,300.2,300.2,300.2,300.2,300.2,300.2,300.2,300.2,300.2,300.2,300.2,300.2,300.2,300.2,300.2,300.2,300.2,300.2,300.2,300.2,300.2,300.2,300.2,300.2,300.2,300.2,300.2,300.2,300.2,300.2,300.2,300.2,300.2,300.2,300.2,300.2,300.2,300.2,300.2,300.2,300.2,300.2,300.2,300.2,300.2,300.2,300.2,300.2,300.2
20.03.2024 11:19:54,20.03.2024 11:21:42,Undefined,2024.03.18 - MTS (HR20),2024.03.18 - MTS (HR20)Z,16,,,MTS HR20,NaN,396076,Temperature setpoint,°C,25.1,26.1,28.1,30.1,32.1,34.1,36.1,38.1,40.1,42.1,44.1,46.1,48.1,50.1,52.1,54.1,56.1,58.1,60.1,62.1,64.1,66.1,68.1,70.1,72.1,74.1,76.1,78.1,80.1,82.1,84.1,86.1,88.1,90.1,92.1,94.1,96.1,98.1,100.1,102.1,104.1,106.1,108.1,110.1,112.1,114.1,116.1,118.1,120.1,122.1,124.1,126.1,128.1,130.1,132.1,134.1,136.1,138.1,140.1,142.1,144.1,146.1,148.1,150.1,152.1,154.1,156.1,158.1,160.1,162.1,164.1,166.1,168.1,170.1,172.1,174.1,176.1,178.1,180.1,182.1,184.1,186.1,188.1,190.1,192.1,194.1,196.1,198.1,200.1,202.1,204.1,206.1,208.1,210.1,212.1,214.1,216.1,218.1,220.1,222.1,224.1,226.1,228.1,230.1,232.1,234.1,236.1,238.1,240.1,242.1,244.1,246.1,248.1,250.1,252.1,254.1,256.1,258.1,260.1,262.1,264.1,266.1,268.1,270.1,272.1,274.1,276.1,278.1,280.1,282.1,284.1,286.1,288.1,290.1,292.1,294.1,296.1,298.1,299.6,300,300,300,300,300,300,300,300,300,300,300,300,300,300,300,300,300,300,300,300,300,300,300,300,300,300,300,300,300,300,300,300,300,300,300,300,300,300,300,300,300,300,300,300,300,300,300,300,300,300,300,300,300,300,300,300,300,300,300,300,300,300,300,300,300,300,300,300,300,300,300,300,300,300,300,300,300,300,300,300,300,300,300,300,300,300,300,300,300,300,300,300,300,300,300,300,300,300,300,300,300,300,300,300,300,300,300,300,300,300,300,300,300,300,300,300,300,300,300,300,300,300,300,300,300,300,300,300,300,300,300,300,300,300,300,300,300,300,300,300,300,300,300,300,300,300,300,300,300,300,300,300,300,300,300,300,300,300,300,300,300,300,300,300,300,300,300,300,300,300,300,300,300,300,300,300,300,300,300,300,300,300,300,300,300,300,300,300,300,300,300,300,300,300,300,300,300,300,300,300,300,300,300,300,300,300,300,300,300,300,300,300,300,300,300,300,300,300,300,300,300,300,300,300,300,300,300,300,300,300,300,300,300,300,300,300,300,300,300,300,300,300,300,300,300,300,300,300,300,300,300,300,300,300,300,300,300,300,300,300,300,300,300,300,300,300,300,300,300,300,300,300,300,300,300,300,300,300,300,300,300,300,300,300,300,300,300,300,300,300,300,300,300,300,300,300,300,300,300,170,170,300
20.03.2024 11:22:12,20.03.2024 11:24:00,Undefined,2024.03.18 - MTS (HR20),2024.03.18 - MTS (HR20)Z,17,11,523,MTS HR20,NaN,395864,Counts measured,,27,27,27,27,27,29,30,28,23,16,10,8,11,15,17,18,17,15,14,14,16,19,21,21,20,19,18,14,11,8,7,7,9,10,10,10,11,13,14,16,19,21,20,19,19,22,24,24,23,23,23,22,19,15,12,10,9,9,8,7,9,12,14,18,23,28,33,39,46,55,64,71,75,80,92,114,140,161,173,182,200,236,289,344,387,420,463,524,592,658,727,813,922,1044,1182,1351,1552,1759,1951,2142,2370,2628,2867,3109,3438,3861,4308,4753,5224,5714,6186,6661,7195,7766,8289,8758,9255,9863,10556,11216,11770,12188,12390,12299,11929,11270,10297,9069,7706,6333,5076,4011,3139,2445,1918,1553,1334,1228,1184,1160,1130,1089,1051,1035,1044,1057,1053,1047,1062,1084,1081,1050,1010,981,968,965,959,945,926,917,928,939,925,886,849,826,814,810,810,802,789,785,785,770,741,726,725,714,689,668,651,628,606,595,594,600,604,599,589,580,574,578,591,591,559,517,501,514,528,524,513,506,498,488,484,486,489,488,471,443,424,418,420,427,439,451,451,438,424,417,413,405,399,405,423,442,448,431,399,374,375,397,415,405,373,349,345,351,351,340,335,341,345,342,341,344,341,330,317,308,304,311,329,341,337,325,321,329,345,360,359,333,298,275,272,283,292,295,298,304,303,297,299,313,329,336,335,332,324,314,306,308,317,318,304,294,301,312,317,322,327,324,316,317,329,338,332,322,324,335,341,330,306,282,269,269,279,286,288,288,291,302,317,326,317,297,284,285,293,300,304,304,304,310,323,333,329,305,271,251,252,265,273,276,287,306,319,320,311,300,294,290,281,271,271,277,277,278,289,304,310,311,311,304,292,286,295,311,321,313,295,281,276,273,267,268,283,300,311,316,316,314,315,317,316,315,314,310,300,284,267,257,258,261,262,265,278,288,284,268,254,254,267,280,283,281,282,283,280,272,267,271,282,286,280,272,270,269,269,267,260,250,248,253,256,252,244,242,253,268,275,279,280,275,265,256,252,251,251,253,261,271,276,276,273,273,273,,,,
20.03.2024 11:22:12,20.03.2024 11:24:00,Undefined,2024.03.18 - MTS (HR20),2024.03.18 - MTS (HR20)Z,17,11,523,MTS HR20,NaN,395864,Temperature measured,°C,47.2,47.2,47.3,47.2,47.2,47.1,47.1,47,47,46.9,46.9,46.9,46.8,46.8,46.8,46.9,47,47.3,47.9,48.7,50.1,51.8,54.1,56.9,60,63.4,66.9,70.5,73.9,77,79.9,82.5,84.8,86.7,88.4,90,91.3,92.5,93.7,94.8,96,97.3,98.6,100.2,101.9,103.9,106.1,108.5,111,113.7,116.4,119.2,121.9,124.5,127,129.4,131.6,133.6,135.5,137.3,139,140.6,142.2,143.8,145.3,147,148.7,150.5,152.4,154.4,156.5,158.8,161.1,163.5,165.9,168.4,170.8,173.2,175.5,177.7,179.8,181.9,183.9,185.8,187.6,189.4,191.1,192.9,194.6,196.4,198.2,200.1,202.1,204.1,206.2,208.4,210.6,212.8,215.1,217.4,219.7,222,224.2,226.3,228.4,230.5,232.5,234.4,236.3,238.2,240,241.8,243.7,245.5,247.4,249.4,251.3,253.4,255.4,257.5,259.7,261.9,264.1,266.3,268.5,270.7,272.9,275,277,278.9,280.8,282.5,284.1,285.6,287,288.2,289.4,290.5,291.5,292.4,293.2,294.1,294.8,295.6,296.3,297,297.6,298.3,298.9,299.4,300,300.5,300.9,301.4,301.7,302,302.2,302.4,302.5,302.5,302.5,302.4,302.3,302.1,301.9,301.7,301.5,301.2,301,300.8,300.5,300.4,300.2,300.1,300,299.9,299.9,299.9,299.9,300,300.1,300.2,300.3,300.5,300.6,300.7,300.8,300.9,301,301.1,301.1,301.1,301.1,301.1,301.1,301,301,300.9,300.8,300.8,300.7,300.6,300.6,300.5,300.5,300.4,300.4,300.4,300.4,300.4,300.4,300.4,300.4,300.4,300.5,300.5,300.5,300.6,300.6,300.6,300.7,300.7,300.7,300.7,300.7,300.7,300.7,300.7,300.6,300.6,300.6,300.6,300.6,300.5,300.5,300.5,300.5,300.5,300.5,300.4,300.4,300.4,300.4,300.4,300.4,300.4,300.5,300.5,300.5,300.5,300.5,300.5,300.5,300.5,300.5,300.5,300.5,300.5,300.5,300.5,300.5,300.5,300.5,300.5,300.5,300.4,300.4,300.4,300.4,300.4,300.4,300.4,300.4,300.4,300.4,300.4,300.4,300.4,300.4,300.4,300.4,300.4,300.4,300.4,300.4,300.4,300.4,300.4,300.4,300.4,300.4,300.4,300.4,300.4,300.4,300.4,300.4,300.4,300.4,300.4,300.4,300.4,300.4,300.4,300.3,300.3,300.3,300.3,300.3,300.3,300.3,300.3,300.3,300.3,300.3,300.3,300.3,300.3,300.3,300.3,300.3,300.3,300.3,300.3,300.3,300.3,300.3,300.3,300.3,300.3,300.3,300.3,300.3,300.3,300.3,300.3,300.3,300.3,300.3,300.3,300.3,300.3,300.3,300.3,300.3,300.3,300.3,300.3,300.3,300.3,300.3,300.3,300.3,300.3,300.3,300.3,300.3,300.3,300.3,300.3,300.3,300.3,300.3,300.3,300.2,300.2,300.2,300.2,300.2,300.2,300.2,300.2,300.2,300.2,300.2,300.2,300.2,300.2,300.2,300.2,300.2,300.2,300.2,300.2,300.2,300.2,300.2,300.2,300.2,300.2,300.2,300.2,300.2,300.2,300.2,300.2,300.2,300.2,300.2,300.2,300.2,300.2,300.2,300.2,300.2,300.2,300.2,300.2,300.2,300.2,300.2,300.2,300.2,300.2,300.2,300.2,300.2,300.2,300.2,300.2,300.2,300.2,300.2,300.2,300.2,300.2,300.2,300.2,300.2,300.2,300.2,300.2,300.2,300.2,300.2,300.2,300.2,300.2,300.2,300.2,300.2
20.03.2024 11:22:12,20.03.2024 11:24:00,Undefined,2024.03.18 - MTS (HR20),2024.03.18 - MTS (HR20)Z,17,11,523,MTS HR20,NaN,395864,Temperature setpoint,°C,25.2,26.2,28.2,30.2,32.2,34.2,36.2,38.2,40.2,42.2,44.2,46.2,48.2,50.2,52.2,54.2,56.2,58.2,60.2,62.2,64.2,66.2,68.2,70.2,72.2,74.2,76.2,78.2,80.2,82.2,84.2,86.2,88.2,90.2,92.2,94.2,96.2,98.2,100.2,102.2,104.2,106.2,108.2,110.2,112.2,114.2,116.2,118.2,120.2,122.2,124.2,126.2,128.2,130.2,132.2,134.2,136.2,138.2,140.2,142.2,144.2,146.2,148.2,150.2,152.2,154.2,156.2,158.2,160.2,162.2,164.2,166.2,168.2,170.2,172.2,174.2,176.2,178.2,180.2,182.2,184.2,186.2,188.2,190.2,192.2,194.2,196.2,198.2,200.2,202.2,204.2,206.2,208.2,210.2,212.2,214.2,216.2,218.2,220.2,222.2,224.2,226.2,228.2,230.2,232.2,234.2,236.2,238.2,240.2,242.2,244.2,246.2,248.2,250.2,252.2,254.2,256.2,258.2,260.2,262.2,264.2,266.2,268.2,270.2,272.2,274.2,276.2,278.2,280.2,282.2,284.2,286.2,288.2,290.2,292.2,294.2,296.2,298.2,299.6,300,300,300,300,300,300,300,300,300,300,300,300,300,300,300,300,300,300,300,300,300,300,300,300,300,300,300,300,300,300,300,300,300,300,300,300,300,300,300,300,300,300,300,300,300,300,300,300,300,300,300,300,300,300,300,300,300,300,300,300,300,300,300,300,300,300,300,300,300,300,300,300,300,300,300,300,300,300,300,300,300,300,300,300,300,300,300,300,300,300,300,300,300,300,300,300,300,300,300,300,300,300,300,300,300,300,300,300,300,300,300,300,300,300,300,300,300,300,300,300,300,300,300,300,300,300,300,300,300,300,300,300,300,300,300,300,300,300,300,300,300,300,300,300,300,300,300,300,300,300,300,300,300,300,300,300,300,300,300,300,300,300,300,300,300,300,300,300,300,300,300,300,300,300,300,300,300,300,300,300,300,300,300,300,300,300,300,300,300,300,300,300,300,300,300,300,300,300,300,300,300,300,300,300,300,300,300,300,300,300,300,300,300,300,300,300,300,300,300,300,300,300,300,300,300,300,300,300,300,300,300,300,300,300,300,300,300,300,300,300,300,300,300,300,300,300,300,300,300,300,300,300,300,300,300,300,300,300,300,300,300,300,300,300,300,300,300,300,300,300,300,300,300,300,300,300,300,300,300,300,300,300,300,300,300,300,300,300,300,300,300,300,300,300,300,300,300,300,300,170,170,300
20.03.2024 11:24:43,20.03.2024 11:26:31,Undefined,2024.03.18 - MTS (HR20),2024.03.18 - MTS (HR20)Z,18,,,MTS HR20,NaN,379484,Counts measured,,34,34,34,34,33,31,27,20,14,10,10,11,12,12,12,12,12,13,13,14,16,19,23,24,22,18,15,13,11,8,6,7,9,10,11,11,12,13,15,16,16,15,15,17,19,20,20,17,14,12,12,12,11,10,12,16,21,27,31,32,32,30,29,28,27,28,30,35,43,52,60,67,73,81,92,104,120,146,175,194,209,241,290,337,374,411,456,510,574,649,728,818,937,1079,1212,1327,1460,1649,1880,2092,2277,2493,2779,3122,3501,3882,4232,4577,4976,5443,5938,6434,6940,7472,8022,8595,9228,9934,10645,11247,11702,12068,12333,12365,12018,11259,10192,8965,7672,6352,5082,3979,3109,2446,1933,1550,1302,1168,1098,1056,1038,1052,1083,1099,1086,1073,1085,1105,1105,1087,1057,1014,967,945,958,975,963,926,890,867,853,847,837,816,796,795,809,810,775,724,700,714,732,724,694,663,645,638,626,600,579,579,583,577,574,578,575,550,519,507,519,535,543,539,528,520,516,511,502,502,510,512,490,456,440,449,457,446,428,416,408,400,397,407,422,429,424,408,393,385,380,376,370,356,339,332,339,350,356,354,355,364,367,359,346,330,313,303,294,284,276,273,272,276,285,293,292,285,279,275,273,272,270,268,270,278,288,290,279,261,253,265,276,269,256,256,259,256,256,264,269,270,281,297,297,274,255,260,279,289,278,256,242,241,249,256,255,253,257,268,280,284,276,267,265,264,257,253,261,276,285,283,271,257,251,255,256,250,246,250,254,252,250,253,252,248,252,260,262,255,246,239,242,255,261,255,248,242,236,236,242,247,255,270,276,263,245,235,238,249,262,267,265,268,279,288,283,265,253,258,273,282,280,272,262,257,256,253,244,236,236,240,242,234,217,203,200,210,226,238,241,241,243,242,234,225,221,221,223,226,230,234,237,239,241,238,228,222,226,232,233,234,233,220,200,192,198,207,216,228,234,228,225,229,225,212,204,209,222,235,240,236,228,225,227,228,222,213,206,198,192,189,189,192,199,205,208,207,199,190,189,196,210,222,227,225,218,,,,
20.03.2024 11:24:43,20.03.2024 11:26:31,Undefined,2024.03.18 - MTS (HR20),2024.03.18 - MTS (HR20)Z,18,,,MTS HR20,NaN,379484,Temperature measured,°C,45.7,45.7,45.8,45.7,45.7,45.6,45.6,45.5,45.5,45.5,45.5,45.4,45.4,45.4,45.4,45.5,45.7,46.2,46.9,48.1,49.7,51.8,54.4,57.4,60.7,64.2,67.8,71.2,74.5,77.5,80.2,82.5,84.6,86.4,88,89.4,90.6,91.8,93,94.1,95.3,96.7,98.2,99.9,101.7,103.9,106.2,108.7,111.3,114,116.8,119.5,122.1,124.7,127.1,129.3,131.4,133.4,135.2,136.9,138.6,140.2,141.7,143.3,144.9,146.6,148.4,150.2,152.2,154.3,156.5,158.8,161.2,163.6,166.1,168.5,170.9,173.2,175.4,177.6,179.7,181.7,183.6,185.4,187.2,189,190.8,192.5,194.3,196.1,198,199.9,201.9,204,206.2,208.4,210.6,212.9,215.2,217.4,219.7,221.9,224.1,226.2,228.3,230.3,232.2,234.2,236,237.9,239.7,241.6,243.4,245.3,247.3,249.2,251.2,253.3,255.4,257.5,259.7,261.9,264.1,266.3,268.5,270.6,272.8,274.8,276.8,278.7,280.5,282.3,283.9,285.4,286.7,288,289.2,290.3,291.3,292.3,293.2,294,294.8,295.6,296.3,297,297.7,298.3,298.9,299.5,300,300.5,301,301.4,301.7,302,302.2,302.4,302.5,302.5,302.5,302.4,302.3,302.1,301.9,301.7,301.5,301.2,301,300.8,300.6,300.4,300.2,300.1,300,299.9,299.9,299.9,300,300,300.1,300.2,300.4,300.5,300.6,300.7,300.8,300.9,301,301.1,301.1,301.1,301.1,301.1,301.1,301,301,300.9,300.9,300.8,300.7,300.6,300.6,300.5,300.5,300.4,300.4,300.4,300.4,300.4,300.4,300.4,300.4,300.5,300.5,300.5,300.5,300.6,300.6,300.6,300.7,300.7,300.7,300.7,300.7,300.7,300.7,300.7,300.7,300.6,300.6,300.6,300.6,300.5,300.5,300.5,300.5,300.5,300.5,300.5,300.5,300.4,300.4,300.5,300.5,300.5,300.5,300.5,300.5,300.5,300.5,300.5,300.5,300.5,300.5,300.5,300.5,300.5,300.5,300.5,300.5,300.5,300.5,300.5,300.5,300.5,300.5,300.4,300.4,300.4,300.4,300.4,300.4,300.4,300.4,300.4,300.4,300.4,300.4,300.4,300.4,300.4,300.4,300.4,300.4,300.4,300.4,300.4,300.4,300.4,300.4,300.4,300.4,300.4,300.4,300.4,300.4,300.4,300.4,300.4,300.4,300.4,300.4,300.4,300.4,300.4,300.4,300.3,300.3,300.3,300.3,300.3,300.3,300.3,300.3,300.3,300.3,300.3,300.3,300.3,300.3,300.3,300.3,300.3,300.3,300.3,300.3,300.3,300.3,300.3,300.3,300.3,300.3,300.3,300.3,300.3,300.3,300.3,300.3,300.3,300.3,300.3,300.3,300.3,300.3,300.3,300.3,300.3,300.3,300.3,300.3,300.3,300.3,300.3,300.3,300.3,300.3,300.3,300.3,300.3,300.3,300.3,300.3,300.3,300.3,300.3,300.2,300.2,300.2,300.2,300.2,300.2,300.2,300.2,300.2,300.2,300.2,300.2,300.2,300.2,300.2,300.2,300.2,300.2,300.2,300.2,300.2,300.2,300.2,300.2,300.2,300.2,300.2,300.2,300.2,300.2,300.2,300.2,300.2,300.2,300.2,300.2,300.2,300.2,300.2,300.2,300.2,300.2,300.2,300.2,300.2,300.2,300.2,300.2,300.2,300.2,300.2,300.2,300.2,300.2,300.2,300.2,300.2,300.2,300.2,300.2,300.2,300.2,300.2,300.2,300.2,300.2,300.2,300.2,300.2,300.2,300.2,300.2,300.2,300.2,300.2
20.03.2024 11:24:43,20.03.2024 11:26:31,Undefined,2024.03.18 - MTS (HR20),2024.03.18 - MTS (HR20)Z,18,,,MTS HR20,NaN,379484,Temperature setpoint,°C,25,26,28,30,32,34,36,38,40,42,44,46,48,50,52,54,56,58,60,62,64,66,68,70,72,74,76,78,80,82,84,86,88,90,92,94,96,98,100,102,104,106,108,110,112,114,116,118,120,122,124,126,128,130,132,134,136,138,140,142,144,146,148,150,152,154,156,158,160,162,164,166,168,170,172,174,176,178,180,182,184,186,188,190,192,194,196,198,200,202,204,206,208,210,212,214,216,218,220,222,224,226,228,230,232,234,236,238,240,242,244,246,248,250,252,254,256,258,260,262,264,266,268,270,272,274,276,278,280,282,284,286,288,290,292,294,296,298,299.5,300,300,300,300,300,300,300,300,300,300,300,300,300,300,300,300,300,300,300,300,300,300,300,300,300,300,300,300,300,300,300,300,300,300,300,300,300,300,300,300,300,300,300,300,300,300,300,300,300,300,300,300,300,300,300,300,300,300,300,300,300,300,300,300,300,300,300,300,300,300,300,300,300,300,300,300,300,300,300,300,300,300,300,300,300,300,300,300,300,300,300,300,300,300,300,300,300,300,300,300,300,300,300,300,300,300,300,300,300,300,300,300,300,300,300,300,300,300,300,300,300,300,300,300,300,300,300,300,300,300,300,300,300,300,300,300,300,300,300,300,300,300,300,300,300,300,300,300,300,300,300,300,300,300,300,300,300,300,300,300,300,300,300,300,300,300,300,300,300,300,300,300,300,300,300,300,300,300,300,300,300,300,300,300,300,300,300,300,300,300,300,300,300,300,300,300,300,300,300,300,300,300,300,300,300,300,300,300,300,300,300,300,300,300,300,300,300,300,300,300,300,300,300,300,300,300,300,300,300,300,300,300,300,300,300,300,300,300,300,300,300,300,300,300,300,300,300,300,300,300,300,300,300,300,300,300,300,300,300,300,300,300,300,300,300,300,300,300,300,300,300,300,300,300,300,300,300,300,300,300,300,300,300,300,300,300,300,300,300,300,300,300,300,300,300,300,300,300,300,170,170,300
20.03.2024 11:26:58,20.03.2024 11:28:46,Undefined,2024.03.18 - MTS (HR20),2024.03.18 - MTS (HR20)Z,3C,,,MTS HR20,NaN,94772,Counts measured,,35,35,35,35,37,41,44,43,39,33,28,24,19,16,18,24,31,38,42,42,40,38,38,38,37,34,27,21,17,17,17,17,18,21,24,25,26,28,30,32,32,33,33,34,36,38,41,44,46,46,44,40,36,33,32,31,31,32,34,38,40,40,40,39,39,40,41,44,46,47,44,39,34,29,26,26,30,35,41,46,43,36,30,29,28,25,21,22,28,34,39,42,42,39,38,38,38,35,30,26,24,22,21,22,23,25,27,29,32,34,36,37,40,41,40,38,37,35,38,49,61,69,69,67,64,61,59,57,55,56,66,81,98,111,114,112,109,109,112,122,138,155,168,172,172,177,190,198,202,211,225,231,232,244,266,281,280,276,285,306,321,320,305,290,280,278,288,306,315,307,300,310,332,348,350,346,348,355,359,353,334,319,324,343,355,351,340,334,343,361,371,361,345,340,346,357,369,378,378,371,361,356,362,372,369,355,342,339,342,348,356,362,363,365,365,359,358,367,366,348,329,322,324,321,312,310,320,333,338,336,330,321,319,325,335,336,331,325,323,324,321,318,326,344,355,349,333,317,308,308,319,335,338,326,316,321,325,319,309,304,304,304,303,306,322,344,361,366,362,350,335,325,322,325,328,327,326,325,325,332,346,354,344,324,312,316,324,324,317,313,313,316,320,324,332,338,339,336,335,327,310,298,309,331,348,354,344,322,299,286,281,276,273,277,296,319,325,306,280,269,272,274,268,267,273,275,274,278,284,291,304,313,307,299,303,315,318,304,285,278,287,295,296,288,272,255,247,252,259,261,256,249,247,250,252,252,258,274,298,312,300,277,267,269,269,272,285,299,299,292,292,297,298,294,289,284,277,272,274,279,280,274,270,269,267,266,268,265,255,250,257,265,263,256,253,257,268,276,274,268,266,269,270,262,244,233,237,246,250,242,229,219,219,225,235,249,260,264,264,262,258,257,263,270,271,262,249,245,254,266,268,257,245,242,250,261,270,,,,
20.03.2024 11:26:58,20.03.2024 11:28:46,Undefined,2024.03.18 - MTS (HR20),2024.03.18 - MTS (HR20)Z,3C,,,MTS HR20,NaN,94772,Temperature measured,°C,47.5,47.5,47.6,47.5,47.5,47.4,47.4,47.3,47.3,47.2,47.2,47.2,47.1,47.1,47.1,47.2,47.3,47.5,48,48.9,50.1,51.8,54,56.7,59.8,63.2,66.7,70.3,73.7,77,79.9,82.5,84.8,86.8,88.6,90.1,91.4,92.7,93.8,94.9,96.1,97.3,98.6,100.1,101.8,103.7,105.9,108.3,110.8,113.5,116.3,119.1,121.8,124.5,127,129.4,131.6,133.7,135.6,137.4,139,140.6,142.2,143.7,145.2,146.8,148.5,150.3,152.2,154.2,156.3,158.6,160.9,163.4,165.8,168.3,170.7,173.1,175.5,177.7,179.9,181.9,183.9,185.7,187.5,189.3,191,192.7,194.5,196.2,198,199.9,201.9,203.9,206,208.2,210.4,212.7,215,217.4,219.7,222,224.2,226.4,228.5,230.5,232.5,234.4,236.3,238.1,239.9,241.7,243.5,245.3,247.2,249.1,251.1,253.1,255.2,257.4,259.6,261.8,264,266.3,268.5,270.7,272.9,275,277,278.9,280.7,282.4,284,285.5,286.8,288.1,289.2,290.3,291.2,292.2,293,293.8,294.6,295.4,296.1,296.8,297.5,298.1,298.8,299.4,299.9,300.5,300.9,301.4,301.7,302,302.3,302.4,302.5,302.5,302.5,302.4,302.3,302.1,301.9,301.6,301.4,301.1,300.9,300.6,300.4,300.2,300.1,299.9,299.8,299.8,299.8,299.8,299.9,300,300.1,300.2,300.4,300.5,300.7,300.8,300.9,301,301.1,301.1,301.2,301.2,301.2,301.1,301.1,301,301,300.9,300.8,300.7,300.6,300.6,300.5,300.4,300.4,300.4,300.3,300.3,300.3,300.3,300.4,300.4,300.4,300.4,300.5,300.5,300.6,300.6,300.6,300.7,300.7,300.7,300.7,300.7,300.7,300.7,300.7,300.7,300.6,300.6,300.6,300.6,300.5,300.5,300.5,300.5,300.5,300.4,300.4,300.4,300.4,300.4,300.4,300.4,300.4,300.5,300.5,300.5,300.5,300.5,300.5,300.5,300.5,300.5,300.5,300.5,300.5,300.5,300.5,300.5,300.5,300.5,300.5,300.5,300.5,300.4,300.4,300.4,300.4,300.4,300.4,300.4,300.4,300.4,300.4,300.4,300.4,300.4,300.4,300.4,300.4,300.4,300.4,300.4,300.4,300.4,300.4,300.4,300.4,300.4,300.4,300.4,300.4,300.4,300.4,300.4,300.4,300.4,300.4,300.4,300.4,300.4,300.4,300.3,300.4,300.4,300.3,300.3,300.3,300.3,300.3,300.3,300.3,300.3,300.3,300.3,300.3,300.3,300.3,300.3,300.3,300.3,300.3,300.3,300.3,300.3,300.3,300.3,300.3,300.3,300.3,300.3,300.3,300.3,300.3,300.3,300.3,300.3,300.3,300.3,300.3,300.3,300.3,300.3,300.3,300.3,300.3,300.3,300.3,300.3,300.3,300.3,300.3,300.3,300.3,300.3,300.3,300.3,300.3,300.3,300.3,300.3,300.2,300.2,300.2,300.2,300.2,300.2,300.2,300.2,300.2,300.2,300.2,300.2,300.2,300.2,300.2,300.2,300.2,300.2,300.2,300.2,300.2,300.2,300.2,300.2,300.2,300.2,300.2,300.2,300.2,300.2,300.2,300.2,300.2,300.2,300.2,300.2,300.2,300.2,300.2,300.2,300.2,300.2,300.2,300.2,300.2,300.2,300.2,300.2,300.2,300.2,300.2,300.2,300.2,300.2,300.2,300.2,300.2,300.2,300.2,300.2,300.2,300.2,300.2,300.2,300.2,300.2,300.2,300.2,300.2,300.2,300.2,300.2,300.2,300.2,300.2,300.2,300.2,300.2,300.2
20.03.2024 11:26:58,20.03.2024 11:28:46,Undefined,2024.03.18 - MTS (HR20),2024.03.18 - MTS (HR20)Z,3C,,,MTS HR20,NaN,94772,Temperature setpoint,°C,25.1,26.1,28.1,30.1,32.1,34.1,36.1,38.1,40.1,42.1,44.1,46.1,48.1,50.1,52.1,54.1,56.1,58.1,60.1,62.1,64.1,66.1,68.1,70.1,72.1,74.1,76.1,78.1,80.1,82.1,84.1,86.1,88.1,90.1,92.1,94.1,96.1,98.1,100.1,102.1,104.1,106.1,108.1,110.1,112.1,114.1,116.1,118.1,120.1,122.1,124.1,126.1,128.1,130.1,132.1,134.1,136.1,138.1,140.1,142.1,144.1,146.1,148.1,150.1,152.1,154.1,156.1,158.1,160.1,162.1,164.1,166.1,168.1,170.1,172.1,174.1,176.1,178.1,180.1,182.1,184.1,186.1,188.1,190.1,192.1,194.1,196.1,198.1,200.1,202.1,204.1,206.1,208.1,210.1,212.1,214.1,216.1,218.1,220.1,222.1,224.1,226.1,228.1,230.1,232.1,234.1,236.1,238.1,240.1,242.1,244.1,246.1,248.1,250.1,252.1,254.1,256.1,258.1,260.1,262.1,264.1,266.1,268.1,270.1,272.1,274.1,276.1,278.1,280.1,282.1,284.1,286.1,288.1,290.1,292.1,294.1,296.1,298.1,299.6,300,300,300,300,300,300,300,300,300,300,300,300,300,300,300,300,300,300,300,300,300,300,300,300,300,300,300,300,300,300,300,300,300,300,300,300,300,300,300,300,300,300,300,300,300,300,300,300,300,300,300,300,300,300,300,300,300,300,300,300,300,300,300,300,300,300,300,300,300,300,300,300,300,300,300,300,300,300,300,300,300,300,300,300,300,300,300,300,300,300,300,300,300,300,300,300,300,300,300,300,300,300,300,300,300,300,300,300,300,300,300,300,300,300,300,300,300,300,300,300,300,300,300,300,300,300,300,300,300,300,300,300,300,300,300,300,300,300,300,300,300,300,300,300,300,300,300,300,300,300,300,300,300,300,300,300,300,300,300,300,300,300,300,300,300,300,300,300,300,300,300,300,300,300,300,300,300,300,300,300,300,300,300,300,300,300,300,300,300,300,300,300,300,300,300,300,300,300,300,300,300,300,300,300,300,300,300,300,300,300,300,300,300,300,300,300,300,300,300,300,300,300,300,300,300,300,300,300,300,300,300,300,300,300,300,300,300,300,300,300,300,300,300,300,300,300,300,300,300,300,300,300,300,300,300,300,300,300,300,300,300,300,300,300,300,300,300,300,300,300,300,300,300,300,300,300,300,300,300,300,300,300,300,300,300,300,300,300,300,300,300,300,300,300,300,300,300,300,300,170,170,300
